OTUID,A,B,stat,p.value,Group,Domain,Phylum,Phylum_mod,Class,Order,Family,Genus,Species,OTUID.1,P26.2010.06.150m,P26.2010.06.200m,P26.2010.08.150m,P26.2010.08.200m,P26.2011.06.150m,P26.2011.06.200m,P26.2011.08.150m,P26.2011.08.200m,P26.2012.02.150m,P26.2012.02.200m,P26.2012.06.150m,P26.2012.06.200m,P26.2012.08.200m,P26.2013.02.150m,P26.2013.02.200m,P26.2013.06.150m,P26.2013.06.200m,P26.2013.08.150m,P26.2014.02.150m,P26.2014.02.200m,P26.2014.08.150m,P26.2014.08.200m,P26.2015.02.150m,P26.2015.02.200m,P26.2015.06.150m,P26.2015.06.200m,P26.2015.08.150m,P26.2015.08.200m,P26.2016.02.150m,P26.2016.02.200m
OTU_891,0.9534,0.625,0.772,0.002,Yes,Bacteria,Acidobacteria,Acidobacteria,Subgroup 21,Ambiguous_taxa,Ambiguous_taxa,Ambiguous_taxa,Ambiguous_taxa,OTU_891,0,0,0,0,0,0,0,0,0,0,0,5.32E-06,0,0,0,0,0,0,0,0,0,0,0,0,4.82E-06,4.65E-06,0,6.38E-06,1.09E-05,1.28E-05
OTU_682,0.7422,1,0.861,0.008,Yes,Bacteria,Acidobacteria,Acidobacteria,Subgroup 6,,,,,OTU_682,1.86E-05,1.66E-05,1.49E-05,3.08E-05,0,1.79E-05,3.61E-05,8.37E-06,1.57E-05,7.07E-05,0,5.32E-06,2.96E-05,2.63E-05,9.67E-05,0,0,0,0,1.12E-05,0,1.75E-05,2.25E-05,1.87E-05,4.33E-05,0.000121005,2.32E-05,8.29E-05,6.00E-05,6.41E-05
OTU_558,0.6334,1,0.796,0.048,Yes,Bacteria,Acidobacteria,Acidobacteria,Subgroup 21,Ambiguous_taxa,Ambiguous_taxa,Ambiguous_taxa,Ambiguous_taxa,OTU_558,1.86E-05,8.29E-05,2.23E-05,3.85E-05,1.36E-05,1.79E-05,0,8.37E-06,0,0,0,3.19E-05,2.96E-05,3.16E-05,6.11E-05,4.68E-06,5.47E-06,0,0,2.23E-05,0,1.31E-05,5.63E-06,6.24E-06,2.41E-05,3.72E-05,7.74E-06,7.66E-05,4.37E-05,5.13E-05
OTU_394,0.7275,0.75,0.739,0.019,Yes,Bacteria,Acidobacteria,Acidobacteria,Subgroup 6,,,,,OTU_394,0,0,0,1.54E-05,6.80E-06,0,9.02E-06,0,0,0,6.36E-06,0,0,1.05E-05,5.09E-06,0,5.47E-06,0,6.44E-06,0,0,0,5.63E-06,6.24E-06,0,9.31E-06,0,1.28E-05,1.64E-05,1.28E-05
OTU_219,0.7461,0.75,0.748,0.014,Yes,Bacteria,Acidobacteria,Acidobacteria,Subgroup 6,uncultured organism,uncultured organism,uncultured organism,uncultured organism,OTU_219,0,0,7.43E-06,0,1.36E-05,0,9.02E-06,8.37E-06,0,1.01E-05,0,0,1.69E-05,0,5.09E-06,0,0,0,0,0,0,0,0,0,4.82E-06,1.86E-05,1.55E-05,1.91E-05,1.09E-05,6.41E-06
OTU_115,0.8786,1,0.937,0.001,Yes,Bacteria,Actinobacteria,Actinobacteria,Acidimicrobiia,Actinomarinales,Actinomarinaceae,Candidatus Actinomarina,uncultured marine eukaryote,OTU_115,0,0,1.49E-05,2.31E-05,1.36E-05,1.79E-05,0,8.37E-06,7.87E-06,0,1.91E-05,5.32E-06,4.24E-06,5.27E-06,5.09E-06,9.37E-05,2.19E-05,7.32E-05,0.000167339,8.38E-05,6.99E-05,8.30E-05,0.000129427,0.000237303,0.000240822,0.000153583,0.000495552,0.00054869,7.64E-05,6.41E-06
OTU_935,0.8199,0.9545,0.885,0.032,No,Bacteria,Proteobacteria,Alphaproteobacteria,Alphaproteobacteria,Rhodospirillales,Magnetospiraceae,uncultured,Ambiguous_taxa,OTU_935,0,8.29E-06,1.49E-05,2.31E-05,1.36E-05,2.68E-05,5.41E-05,1.67E-05,0.000338423,0.000111051,0.000120768,7.98E-05,4.24E-05,0.00011064,8.14E-05,0.000173257,7.12E-05,0.000188282,0.00091393,7.26E-05,0.000104843,8.74E-05,2.81E-05,3.12E-05,1.44E-05,2.79E-05,4.65E-05,4.47E-05,0,1.92E-05
OTU_857,0.797,0.9545,0.872,0.017,No,Bacteria,Proteobacteria,Alphaproteobacteria,Alphaproteobacteria,Thalassobaculales,Nisaeaceae,OM75 clade,uncultured alpha proteobacterium,OTU_857,0,8.29E-06,0.000170903,8.46E-05,8.16E-05,8.94E-05,1.80E-05,8.37E-06,0.000495829,0.000151433,0.000254248,4.26E-05,0.000101653,7.90E-05,1.02E-05,0.000374609,0.000164214,0.000256272,0.000804516,0.000201074,8.74E-05,8.74E-06,0.000101291,5.62E-05,9.63E-06,0,5.42E-05,8.93E-05,0,1.28E-05
OTU_754,0.6467,1,0.804,0.001,No,Bacteria,Proteobacteria,Alphaproteobacteria,Alphaproteobacteria,Rhodospirillales,Magnetospiraceae,uncultured,uncultured alpha proteobacterium,OTU_754,0.000176504,0.000215417,0.000200626,0.000161599,0.000251533,0.000160966,0.000270519,0.000133927,0.000330552,0.000343247,0.000438577,0.000281931,0.000262603,0.000316114,0.000284909,0.000337148,0.000224426,0.000334723,0.00051489,0.000402147,0.000337828,0.000262117,0.000225091,0.000268527,0.000125228,0.000139621,0.00015486,0.000108462,0.000109151,0.000109031
OTU_67,0.5942,1,0.771,0.001,No,Bacteria,Proteobacteria,Alphaproteobacteria,Alphaproteobacteria,Rhodobacterales,Rhodobacteraceae,,,OTU_67,0.001811493,0.002974415,0.002600703,0.002808751,0.003358305,0.002441315,0.003670039,0.002787357,0.002809696,0.002301775,0.004951471,0.002351201,0.003155469,0.004172704,0.002981369,0.00435483,0.002917542,0.003436139,0.003597794,0.002267662,0.00184058,0.002289159,0.001969545,0.002023318,0.001945844,0.002126887,0.00250873,0.002437204,0.001740953,0.00160981
OTU_550,0.6457,1,0.804,0.008,No,Bacteria,Proteobacteria,Alphaproteobacteria,Alphaproteobacteria,,,,,OTU_550,7.43E-05,8.29E-05,6.69E-05,6.93E-05,4.08E-05,7.15E-05,0.000144277,0.000100445,0.000173147,0.000151433,8.90E-05,0.000239376,0.000135537,0.00029504,0.000208594,9.83E-05,8.76E-05,0.000135981,0.00011585,0.000156391,6.99E-05,0.000166008,6.19E-05,0.000137386,4.33E-05,3.26E-05,6.19E-05,9.57E-05,8.19E-05,3.85E-05
OTU_50,0.6586,1,0.812,0.001,No,Bacteria,Proteobacteria,Alphaproteobacteria,Alphaproteobacteria,Rhodobacterales,Rhodobacteraceae,Ascidiaceihabitans,,OTU_50,0.00031585,0.001367071,0.000497849,0.000477103,0.000482671,0.000295104,0.00066728,0.000318077,0.001015268,0.000646112,0.00088351,0.000574502,0.00052097,0.001074787,0.000798763,0.001016127,0.000749912,0.000774046,0.001235736,0.000603221,0.000506742,0.000633451,0.000506454,0.000256037,0.000380499,0.000344397,0.00046458,0.000389187,0.0003984,0.000173167
OTU_438,0.7277,1,0.853,0.01,No,Bacteria,Proteobacteria,Alphaproteobacteria,Alphaproteobacteria,SAR11 clade,Clade I,Clade Ia,uncultured Pelagibacterales bacterium,OTU_438,0.001746465,0.001226221,0.000601877,0.000554055,0.000754599,0.002897384,0.001848546,0.001548532,0.008924917,0.003331516,0.004671798,0.001590519,0.002350719,0.00087985,0.00117525,0.006995823,0.002786171,0.005015612,0.012749963,0.00432308,0.002859889,0.001699395,0.000951009,0.000562033,0.00196511,0.001517211,0.000921416,0.000618871,0.001528109,0.001532847
OTU_428,0.8569,0.9545,0.904,0.03,No,Bacteria,Proteobacteria,Alphaproteobacteria,Alphaproteobacteria,uncultured,,,,OTU_428,1.86E-05,1.66E-05,3.72E-05,2.31E-05,2.72E-05,2.68E-05,3.61E-05,0,0.000424996,2.02E-05,0.000375015,8.51E-05,2.12E-05,4.74E-05,1.02E-05,0.000416753,5.47E-06,0.000460244,0.001036216,8.94E-05,6.41E-05,8.74E-06,3.38E-05,2.50E-05,3.37E-05,4.65E-06,6.19E-05,3.83E-05,0,0
OTU_421,0.623,1,0.789,0.044,No,Bacteria,Proteobacteria,Alphaproteobacteria,Alphaproteobacteria,Sneathiellales,Sneathiellaceae,AT-s3-44,,OTU_421,8.36E-05,9.94E-05,5.94E-05,8.46E-05,8.16E-05,8.94E-05,5.41E-05,5.02E-05,0.000243979,6.06E-05,0.000222467,6.38E-05,0.000105888,0.0001844,0.000122104,0.000224765,0.000136845,0.000224892,0.000347551,7.26E-05,0.000110668,0.000113584,0.000118173,5.00E-05,6.26E-05,7.45E-05,9.29E-05,0.000133982,6.00E-05,3.21E-05
OTU_364,0.6136,1,0.783,0.016,No,Bacteria,Proteobacteria,Alphaproteobacteria,Alphaproteobacteria,SAR11 clade,Clade I,Clade Ib,,OTU_364,0.00032514,0.000381123,0.000535002,0.000346284,0.000543855,0.000956852,0.000676297,0.000694747,0.001125453,0.001181174,0.000552988,0.000654294,0.000872519,0.000352994,0.00054438,0.000992714,0.000629489,0.000679906,0.001312969,0.001273466,0.000483444,0.000454337,0.000467064,0.000368444,0.000520176,0.000456094,0.000456837,0.000350906,0.000387485,0.000557982
OTU_269,0.8305,1,0.911,0.015,No,Bacteria,Proteobacteria,Alphaproteobacteria,Alphaproteobacteria,Rhodovibrionales,Kiloniellaceae,uncultured,Ambiguous_taxa,OTU_269,0.000102187,1.66E-05,8.17E-05,3.08E-05,5.44E-05,7.15E-05,0.000261502,2.51E-05,0.000920825,0.000100955,0.000158905,8.51E-05,8.05E-05,0.000284503,0.000106841,0.000458896,0.000147793,0.000502084,0.002400675,0.000150805,0.000262108,8.74E-05,9.00E-05,6.24E-05,7.22E-05,3.72E-05,9.29E-05,3.83E-05,4.91E-05,3.21E-05
OTU_230,0.6322,1,0.795,0.029,No,Bacteria,Proteobacteria,Alphaproteobacteria,Alphaproteobacteria,Rhodobacterales,Rhodobacteraceae,Ascidiaceihabitans,,OTU_230,0.000157925,0.000314841,0.000319515,0.000454017,0.000557451,0.000214621,0.000775487,0.000226002,0.000944436,0.000383629,0.00061655,0.000585141,0.000245661,0.00128553,0.000747886,0.000585327,0.000432431,0.000407943,0.001383767,0.000363049,0.000500917,0.000463074,0.000534591,0.000330975,0.000245639,0.000228047,0.000394893,0.000504029,0.000191014,0.000102617
OTU_22,0.8887,0.9545,0.921,0.04,No,Bacteria,Proteobacteria,Alphaproteobacteria,Alphaproteobacteria,Parvibaculales,OCS116 clade,,,OTU_22,1.86E-05,8.29E-06,1.49E-05,1.54E-05,5.44E-05,2.68E-05,0.000225432,5.02E-05,0.00051944,3.03E-05,0.00433492,7.45E-05,2.54E-05,9.48E-05,0,0.001643597,1.64E-05,0.001349351,0.000823824,2.23E-05,0.000139791,0.000117953,3.38E-05,0,4.33E-05,2.79E-05,0.000294234,3.83E-05,0,0
OTU_1315,0.791,1,0.889,0.001,No,Bacteria,Proteobacteria,Alphaproteobacteria,Alphaproteobacteria,uncultured,,,,OTU_1315,9.29E-06,3.31E-05,1.49E-05,7.70E-06,4.08E-05,3.58E-05,6.31E-05,5.02E-05,0.000165276,0.000111051,5.72E-05,5.32E-05,0.000101653,0.000100103,3.05E-05,0.000131113,8.21E-05,3.66E-05,0.000141595,0.000128464,2.33E-05,3.93E-05,2.81E-05,1.87E-05,2.89E-05,1.40E-05,0,1.91E-05,5.46E-06,2.57E-05
OTU_1241,0.6871,1,0.829,0.015,No,Bacteria,Proteobacteria,Alphaproteobacteria,Alphaproteobacteria,Sneathiellales,Sneathiellaceae,,,OTU_1241,9.29E-06,5.80E-05,2.97E-05,3.08E-05,2.72E-05,1.79E-05,2.71E-05,1.67E-05,0.000110184,4.04E-05,7.63E-05,5.32E-05,3.81E-05,0.000173863,5.60E-05,9.83E-05,6.02E-05,0.000109831,0.000135159,1.68E-05,5.24E-05,3.49E-05,2.81E-05,4.37E-05,2.41E-05,1.40E-05,3.87E-05,2.55E-05,1.09E-05,2.57E-05
OTU_107,0.9034,1,0.95,0.019,No,Bacteria,Proteobacteria,Alphaproteobacteria,Alphaproteobacteria,Rhodobacterales,Rhodobacteraceae,Lentibacter,uncultured bacterium,OTU_107,1.86E-05,3.31E-05,2.23E-05,1.54E-05,6.12E-05,4.47E-05,0.000189363,8.37E-06,0.000755549,5.05E-05,0.001830582,5.85E-05,2.54E-05,0.000131714,5.09E-06,0.001011444,3.83E-05,0.000936178,0.001255044,2.23E-05,8.74E-05,8.74E-06,4.50E-05,6.24E-06,1.93E-05,4.65E-06,0.000162603,1.28E-05,0,6.41E-06
OTU_1067,0.9831,0.5455,0.732,0.046,No,Bacteria,Proteobacteria,Alphaproteobacteria,Alphaproteobacteria,Puniceispirillales,EF100-94H03,uncultured bacterium,uncultured bacterium,OTU_1067,1.86E-05,0,0,0,0,0,0,0,3.94E-05,0,6.36E-05,5.32E-06,0,5.27E-06,0,0.000173257,5.47E-06,0.000177821,0.000360423,5.59E-06,3.49E-05,8.74E-06,5.63E-06,0,0,0,0,0,0,0
OTU_918,0.6649,1,0.815,0.024,Yes,Bacteria,Proteobacteria,Alphaproteobacteria,Alphaproteobacteria,SAR11 clade,uncultured,uncultured bacterium,uncultured bacterium,OTU_918,5.57E-05,2.49E-05,1.49E-05,0,2.72E-05,3.58E-05,3.61E-05,5.86E-05,3.15E-05,5.05E-05,3.81E-05,4.26E-05,2.12E-05,1.58E-05,2.04E-05,2.34E-05,3.28E-05,1.57E-05,1.29E-05,2.79E-05,5.24E-05,3.49E-05,1.69E-05,3.75E-05,9.63E-05,4.19E-05,7.74E-06,3.83E-05,0.000163726,8.34E-05
OTU_828,0.7371,1,0.859,0.005,Yes,Bacteria,Proteobacteria,Alphaproteobacteria,Alphaproteobacteria,,,,,OTU_828,1.86E-05,8.29E-06,7.43E-06,1.54E-05,2.04E-05,0,1.80E-05,0,0,1.01E-05,1.27E-05,2.13E-05,0,0,3.05E-05,0,1.09E-05,5.23E-06,0,5.59E-06,1.75E-05,1.75E-05,5.63E-06,6.24E-06,5.30E-05,3.26E-05,5.42E-05,2.55E-05,2.73E-05,1.92E-05
OTU_808,0.6781,1,0.823,0.008,Yes,Bacteria,Proteobacteria,Alphaproteobacteria,Alphaproteobacteria,SAR11 clade,,,,OTU_808,4.64E-05,7.46E-05,5.20E-05,3.85E-05,4.08E-05,2.68E-05,1.80E-05,1.67E-05,1.57E-05,4.04E-05,6.36E-06,3.19E-05,2.54E-05,1.05E-05,3.05E-05,4.68E-06,2.74E-05,1.05E-05,0,1.68E-05,0,2.62E-05,3.38E-05,3.75E-05,4.33E-05,4.19E-05,4.65E-05,2.55E-05,0.000136438,6.41E-05
OTU_748,0.6591,1,0.812,0.008,Yes,Bacteria,Proteobacteria,Alphaproteobacteria,Alphaproteobacteria,SAR11 clade,,,,OTU_748,0.000185794,0.000256844,0.000475557,0.000346284,0.000428286,7.15E-05,0.000144277,0.000142298,0.000149536,0.000131242,0.000139836,0.000143625,7.62E-05,4.74E-05,0.000106841,0.000121748,0.000104002,8.89E-05,0.000263881,0.000111708,0.000198037,0.000192219,0.0004952,0.000380933,0.000250455,0.000218739,0.000534267,0.000331766,0.000272877,0.000275784
OTU_711,0.6248,1,0.79,0.004,Yes,Bacteria,Proteobacteria,Alphaproteobacteria,Alphaproteobacteria,SAR11 clade,Clade II,,,OTU_711,0.000120766,0.00014085,0.000118889,0.000100038,5.44E-05,0.000134138,7.21E-05,0.000100445,0.000110184,0.000111051,5.08E-05,7.45E-05,5.93E-05,4.74E-05,7.12E-05,6.09E-05,6.57E-05,4.71E-05,0.000128722,0.000122878,7.57E-05,8.30E-05,0.000118173,0.000143631,0.000158943,0.000111696,0.000201318,0.000114842,0.000191014,0.000141099
OTU_664,0.5852,1,0.765,0.014,Yes,Bacteria,Proteobacteria,Alphaproteobacteria,Alphaproteobacteria,SAR11 clade,Clade I,Clade Ib,,OTU_664,0.002294558,0.001441638,0.002117715,0.001677555,0.002161824,0.001681198,0.00110011,0.001381123,0.001274988,0.001564803,0.00075003,0.00118624,0.000952994,0.000484708,0.000819113,0.00105827,0.001072867,0.000941408,0.000958983,0.001675613,0.001671666,0.00120574,0.001783845,0.001511244,0.002080704,0.001661485,0.002284183,0.001410005,0.002155725,0.002231928
OTU_661,0.6171,1,0.786,0.004,Yes,Bacteria,Proteobacteria,Alphaproteobacteria,Alphaproteobacteria,SAR11 clade,uncultured,uncultured bacterium,uncultured bacterium,OTU_661,0.000222953,0.000265129,0.000349237,0.000307808,0.000305919,0.000196736,0.00043283,0.000100445,0.00027546,0.000333152,0.000184329,0.000228737,0.000144008,0.000168594,0.000122104,0.000243496,0.000224426,0.000308573,0.000186648,0.000245757,0.000198037,0.000214063,0.000343264,0.000374689,0.000467195,0.000283895,0.000356178,0.000306245,0.000578498,0.000371988
OTU_606,0.695,1,0.834,0.008,Yes,Bacteria,Proteobacteria,Alphaproteobacteria,Alphaproteobacteria,Rhodospirillales,AEGEAN-169 marine group,uncultured bacterium,uncultured bacterium,OTU_606,1.86E-05,0.000115994,0.00013375,0.000100038,6.12E-05,5.37E-05,3.61E-05,3.35E-05,7.87E-06,3.03E-05,1.27E-05,3.19E-05,3.39E-05,1.05E-05,1.02E-05,4.68E-06,4.93E-05,3.14E-05,0,2.23E-05,6.41E-05,9.17E-05,9.57E-05,6.87E-05,6.26E-05,0.000139621,3.87E-05,0.000165883,0.000141896,7.70E-05
OTU_603,0.6163,1,0.785,0.001,Yes,Bacteria,Proteobacteria,Alphaproteobacteria,Alphaproteobacteria,SAR11 clade,Clade I,Clade Ib,,OTU_603,0.002508221,0.002096176,0.002556119,0.00260098,0.002270595,0.00196736,0.001478836,0.00190009,0.001125453,0.001786904,0.000832661,0.002000117,0.001359605,0.000663839,0.001638227,0.00112851,0.001806358,0.001004168,0.001068397,0.001530393,0.002149285,0.002035779,0.002498509,0.002928815,0.002942848,0.002890147,0.002415814,0.002545666,0.003154454,0.002533367
OTU_540,0.7488,1,0.865,0.005,Yes,Bacteria,Proteobacteria,Alphaproteobacteria,Alphaproteobacteria,Rhodospirillales,AEGEAN-169 marine group,uncultured bacterium,uncultured bacterium,OTU_540,2.79E-05,8.29E-06,3.72E-05,3.08E-05,0,0,0,0,0,1.01E-05,0,5.32E-06,2.12E-05,0,5.09E-06,0,0,0,6.44E-06,5.59E-06,5.82E-06,4.37E-06,5.63E-06,2.50E-05,2.89E-05,1.40E-05,2.32E-05,1.91E-05,6.00E-05,6.41E-06
OTU_486,0.561,1,0.749,0.001,Yes,Bacteria,Proteobacteria,Alphaproteobacteria,Alphaproteobacteria,SAR11 clade,Clade II,,,OTU_486,0.001198372,0.000845098,0.001166601,0.001100415,0.001046921,0.00101945,0.000892712,0.000803562,0.000960176,0.000969168,0.000851729,0.00108517,0.000902168,0.000716525,0.000915779,0.001006762,0.000941496,0.000936178,0.00111345,0.001044465,0.001065906,0.000991678,0.001350545,0.001055373,0.001343788,0.001205391,0.001262108,0.000931497,0.001484449,0.001391748
OTU_460,0.7064,1,0.84,0.002,Yes,Bacteria,Proteobacteria,Alphaproteobacteria,Alphaproteobacteria,Rhodospirillales,AEGEAN-169 marine group,uncultured bacterium,uncultured bacterium,OTU_460,1.86E-05,8.29E-06,1.49E-05,2.31E-05,6.80E-06,8.94E-06,0,8.37E-06,7.87E-06,2.02E-05,0,5.32E-06,8.47E-06,0,1.53E-05,0,1.64E-05,0,0,1.12E-05,0,0,1.13E-05,6.24E-06,3.37E-05,1.86E-05,1.55E-05,1.28E-05,2.18E-05,3.21E-05
OTU_413,0.7343,1,0.857,0.011,Yes,Bacteria,Proteobacteria,Alphaproteobacteria,Alphaproteobacteria,SAR11 clade,Clade II,,,OTU_413,0.000250822,0.00014085,0.000349237,0.000200075,0.000271928,2.68E-05,0.000108208,3.35E-05,7.87E-06,7.07E-05,5.72E-05,4.79E-05,3.39E-05,4.21E-05,4.07E-05,3.75E-05,3.28E-05,2.09E-05,1.93E-05,3.35E-05,0.000163089,0.000135427,0.000360145,0.00033722,0.000288987,0.000134967,0.000263262,0.000248824,0.000360197,0.000141099
OTU_41,0.5578,1,0.747,0.002,Yes,Bacteria,Proteobacteria,Alphaproteobacteria,Alphaproteobacteria,SAR11 clade,Clade II,,,OTU_41,0.01339576,0.010505733,0.013285877,0.01128887,0.010686753,0.01107087,0.011190463,0.008596444,0.011160082,0.011407919,0.008905019,0.011474076,0.008047506,0.008961829,0.008745688,0.00896252,0.009896654,0.008561581,0.010085407,0.010751847,0.012132685,0.009576025,0.014681553,0.012883041,0.014083286,0.012286613,0.012706254,0.009793476,0.015641287,0.012827173
OTU_403,0.7433,1,0.862,0.005,Yes,Bacteria,Proteobacteria,Alphaproteobacteria,Alphaproteobacteria,Sneathiellales,Sneathiellaceae,AT-s3-44,,OTU_403,6.50E-05,4.14E-05,4.46E-05,3.08E-05,2.04E-05,4.47E-05,3.61E-05,2.51E-05,7.87E-06,1.01E-05,3.18E-05,5.32E-05,1.27E-05,1.05E-05,6.61E-05,4.68E-06,1.64E-05,1.57E-05,1.29E-05,2.23E-05,0.000110668,4.81E-05,5.06E-05,9.99E-05,0.000120411,0.000111696,5.42E-05,0.000108462,0.000109151,0.000115445
OTU_38,0.5743,1,0.758,0.004,Yes,Bacteria,Proteobacteria,Alphaproteobacteria,Alphaproteobacteria,SAR11 clade,Clade I,Clade Ib,,OTU_38,0.027376772,0.022361967,0.027136477,0.02699479,0.027974548,0.029260004,0.019233891,0.022943382,0.016905399,0.022906697,0.013112816,0.023740751,0.021198824,0.010031348,0.018183298,0.016225252,0.02064175,0.014769643,0.012325179,0.023341283,0.024929376,0.023267294,0.026189324,0.028470084,0.032761461,0.028417447,0.024630466,0.02395095,0.033656601,0.029996344
OTU_363,0.6297,1,0.794,0.004,Yes,Bacteria,Proteobacteria,Alphaproteobacteria,Alphaproteobacteria,SAR11 clade,Clade I,uncultured,,OTU_363,0.002981997,0.001557632,0.002860773,0.002262391,0.002229806,0.001949475,0.001857563,0.001489939,0.002006926,0.001938337,0.001258525,0.00157988,0.000986878,0.000684913,0.000992094,0.001105097,0.001094763,0.001323201,0.002149666,0.001820832,0.00199202,0.001480964,0.002858654,0.001892177,0.003621967,0.002289778,0.003120427,0.002315982,0.004054946,0.003097762
OTU_329,0.6317,1,0.795,0.001,Yes,Bacteria,Proteobacteria,Alphaproteobacteria,Alphaproteobacteria,SAR11 clade,,,,OTU_329,0.000195084,0.00015742,0.000170903,0.000215466,0.000135964,8.94E-05,0.000117225,9.21E-05,0.000110184,0.000161528,8.90E-05,0.000132987,7.62E-05,8.43E-05,0.000117016,5.15E-05,0.000109476,6.80E-05,5.15E-05,7.82E-05,0.000180563,0.00012669,0.000202582,0.000212324,0.000202291,0.000265279,0.000170346,0.000185023,0.000185556,0.000205235
OTU_325,0.5503,1,0.742,0.039,Yes,Bacteria,Proteobacteria,Alphaproteobacteria,Alphaproteobacteria,SAR11 clade,Clade II,,,OTU_325,0.002266689,0.001971896,0.001998826,0.001739117,0.001883098,0.001448692,0.001839528,0.001540161,0.001637022,0.001484039,0.001881432,0.002223534,0.00108006,0.001759701,0.001714542,0.001203431,0.000919601,0.001699764,0.001563978,0.001753808,0.002283251,0.001598917,0.001766963,0.00164863,0.00246602,0.001894186,0.001935749,0.001416385,0.003045303,0.002507712
OTU_311,0.6786,1,0.824,0.013,Yes,Bacteria,Proteobacteria,Alphaproteobacteria,Alphaproteobacteria,SAR11 clade,Clade I,uncultured,,OTU_311,0.000111477,0.000182276,0.000185764,0.000169295,0.00022434,0.000125196,0.000108208,3.35E-05,2.36E-05,7.07E-05,6.99E-05,0.000106389,2.96E-05,3.69E-05,6.11E-05,1.87E-05,4.38E-05,2.62E-05,3.22E-05,3.91E-05,6.99E-05,7.86E-05,0.000140682,0.000124896,0.000236006,0.000176853,0.000139374,0.000204164,0.000229216,0.000166753
OTU_23,0.5848,1,0.765,0.003,Yes,Bacteria,Proteobacteria,Alphaproteobacteria,Alphaproteobacteria,SAR11 clade,Clade I,,,OTU_23,0.059370529,0.043820839,0.064319099,0.056636732,0.058770344,0.048370221,0.049117207,0.041835471,0.041964426,0.042027581,0.038149841,0.043417434,0.032494981,0.022317642,0.032744182,0.032708048,0.034025223,0.040030753,0.04100455,0.044096538,0.062894254,0.047696643,0.071967182,0.058039255,0.070589822,0.056136791,0.064313313,0.051009015,0.067335032,0.061345955
OTU_197,0.7717,1,0.878,0.004,Yes,Bacteria,Proteobacteria,Alphaproteobacteria,Alphaproteobacteria,Parvibaculales,OCS116 clade,uncultured bacterium,uncultured bacterium,OTU_197,3.72E-05,1.66E-05,3.72E-05,5.39E-05,5.44E-05,1.79E-05,0,1.67E-05,2.36E-05,2.02E-05,2.54E-05,4.26E-05,2.96E-05,1.05E-05,1.02E-05,4.68E-06,1.09E-05,0,0,2.23E-05,1.16E-05,3.06E-05,5.63E-06,1.25E-05,0.000130044,6.05E-05,4.65E-05,8.93E-05,0.000163726,7.70E-05
OTU_182,0.5945,1,0.771,0.009,Yes,Bacteria,Proteobacteria,Alphaproteobacteria,Alphaproteobacteria,SAR11 clade,Clade II,,,OTU_182,0.001876521,0.001408497,0.002362924,0.001823764,0.001821915,0.00109099,0.001569009,0.000929119,0.00184952,0.001171078,0.001894144,0.001489449,0.000897932,0.00135929,0.001068409,0.001460975,0.001094763,0.001778215,0.002600194,0.001675613,0.003139471,0.001734344,0.003128763,0.002316824,0.002677944,0.001754566,0.003012025,0.00169073,0.002723309,0.001936903
OTU_15,0.6488,1,0.805,0.003,Yes,Bacteria,Proteobacteria,Alphaproteobacteria,Alphaproteobacteria,SAR11 clade,,,,OTU_15,0.000473775,0.000513687,0.000304654,0.000338589,0.000176753,0.000312989,0.000180346,0.000259484,0.000157406,0.000232197,0.00013348,0.000367043,0.000152479,0.000158057,0.00032561,9.37E-05,0.000235374,0.000130751,7.08E-05,0.000161976,0.000139791,0.00025338,0.000264482,0.000268527,0.000510543,0.000446786,0.000301977,0.000293485,0.00086229,0.000525914
OTU_143,0.5418,1,0.736,0.024,Yes,Bacteria,Proteobacteria,Alphaproteobacteria,Alphaproteobacteria,SAR11 clade,Clade II,,,OTU_143,0.006604983,0.005575993,0.007475163,0.005702149,0.006057186,0.005401297,0.005518585,0.004260555,0.006941602,0.005835201,0.005949392,0.006159935,0.003985633,0.004457206,0.004599245,0.005619135,0.005178227,0.005847189,0.007794147,0.006076888,0.007397268,0.005098185,0.007473017,0.006257299,0.007730395,0.005570862,0.007100326,0.0055826,0.008666561,0.006458482
OTU_1390,0.618,1,0.786,0.007,Yes,Bacteria,Proteobacteria,Alphaproteobacteria,Alphaproteobacteria,SAR11 clade,Clade II,,,OTU_1390,0.000185794,0.000115994,0.000178334,0.000200075,0.000169955,7.15E-05,9.02E-05,8.37E-05,5.51E-05,0.000151433,8.90E-05,0.000127667,8.89E-05,7.38E-05,8.65E-05,6.56E-05,0.00011495,3.66E-05,7.08E-05,8.94E-05,5.24E-05,0.000109216,0.000163191,0.000137386,0.000187841,0.000130313,0.000201318,0.000140363,0.000261962,0.000134685
OTU_1385,0.6382,1,0.799,0.022,Yes,Bacteria,Proteobacteria,Alphaproteobacteria,Alphaproteobacteria,SAR11 clade,,,,OTU_1385,0,8.29E-06,4.46E-05,3.08E-05,1.36E-05,3.58E-05,2.71E-05,8.37E-06,3.15E-05,2.02E-05,0,5.32E-06,1.27E-05,0,2.54E-05,0,0,1.05E-05,0,2.79E-05,0,0,5.63E-06,1.25E-05,3.37E-05,1.40E-05,2.32E-05,2.55E-05,6.00E-05,1.92E-05
OTU_1359,0.6928,0.875,0.779,0.021,Yes,Bacteria,Proteobacteria,Alphaproteobacteria,Alphaproteobacteria,Rhodospirillales,AEGEAN-169 marine group,uncultured bacterium,uncultured bacterium,OTU_1359,0,0,2.23E-05,0,0,0,9.02E-06,0,7.87E-06,0,2.54E-05,2.13E-05,1.69E-05,0,0,4.68E-06,0,0,0,5.59E-06,1.16E-05,0,1.13E-05,1.25E-05,9.63E-06,2.33E-05,1.55E-05,1.91E-05,1.09E-05,0
OTU_1310,0.6791,1,0.824,0.01,Yes,Bacteria,Proteobacteria,Alphaproteobacteria,Alphaproteobacteria,SAR11 clade,,,,OTU_1310,2.79E-05,8.29E-06,2.97E-05,1.54E-05,1.36E-05,8.94E-06,0,3.35E-05,7.87E-06,1.01E-05,1.27E-05,2.66E-05,8.47E-06,5.27E-06,1.02E-05,4.68E-06,5.47E-06,1.05E-05,0,5.59E-06,5.82E-06,1.75E-05,5.63E-06,1.87E-05,3.85E-05,1.86E-05,3.10E-05,1.91E-05,4.91E-05,2.57E-05
OTU_1252,0.6842,1,0.827,0.005,Yes,Bacteria,Proteobacteria,Alphaproteobacteria,Alphaproteobacteria,SAR11 clade,Clade II,,,OTU_1252,0.000269402,0.000231988,0.000230348,0.000215466,0.000156358,4.47E-05,7.21E-05,0.000100445,7.08E-05,0.000131242,6.99E-05,0.000154264,8.89E-05,6.85E-05,0.000117016,5.62E-05,6.57E-05,4.71E-05,4.51E-05,0.000128464,0.000116492,0.000117953,0.000140682,0.00016861,0.00028417,0.000223393,0.000247776,0.000267965,0.000458433,0.000256543
OTU_1210,0.7392,1,0.86,0.006,Yes,Bacteria,Proteobacteria,Alphaproteobacteria,Alphaproteobacteria,Rhodospirillales,AEGEAN-169 marine group,uncultured bacterium,uncultured bacterium,OTU_1210,9.29E-06,4.14E-05,6.69E-05,8.46E-05,6.80E-05,0,9.02E-06,0,2.36E-05,0,5.08E-05,2.13E-05,0,1.05E-05,2.04E-05,4.68E-06,0,2.62E-05,2.57E-05,2.23E-05,5.82E-05,3.06E-05,9.57E-05,0.000112407,2.89E-05,4.65E-05,0.000116145,9.57E-05,7.64E-05,1.92E-05
OTU_1190,0.6981,1,0.836,0.043,Yes,Bacteria,Proteobacteria,Alphaproteobacteria,Alphaproteobacteria,SAR11 clade,Clade II,,,OTU_1190,7.43E-05,8.29E-05,0.000208056,0.000161599,0.00014956,8.94E-06,2.71E-05,8.37E-06,7.87E-06,2.02E-05,5.08E-05,1.60E-05,8.47E-06,1.58E-05,1.02E-05,1.87E-05,1.64E-05,3.14E-05,1.29E-05,2.79E-05,0.000128142,8.30E-05,0.000208209,0.00016861,9.15E-05,4.65E-05,0.000201318,0.000102082,8.73E-05,7.70E-05
OTU_1106,0.5954,1,0.772,0.043,Yes,Bacteria,Proteobacteria,Alphaproteobacteria,Alphaproteobacteria,Rhodospirillales,AEGEAN-169 marine group,uncultured bacterium,uncultured bacterium,OTU_1106,0.000102187,4.14E-05,8.17E-05,6.93E-05,8.16E-05,4.47E-05,6.31E-05,5.86E-05,3.94E-05,3.03E-05,2.54E-05,4.79E-05,3.39E-05,1.58E-05,2.04E-05,2.34E-05,3.83E-05,1.57E-05,6.44E-05,5.03E-05,4.08E-05,4.37E-05,7.32E-05,3.75E-05,8.19E-05,5.12E-05,3.87E-05,8.93E-05,0.000103693,7.70E-05
OTU_103,0.5833,1,0.764,0.001,Yes,Bacteria,Proteobacteria,Alphaproteobacteria,Alphaproteobacteria,SAR11 clade,,,,OTU_103,0.001895101,0.001831047,0.002110285,0.002108487,0.001842309,0.001752739,0.00133456,0.001205344,0.001621281,0.001605185,0.0012331,0.00177138,0.001321485,0.001043176,0.001577175,0.00123621,0.001390349,0.00121337,0.001763498,0.001792905,0.001531875,0.001629497,0.001817609,0.001998339,0.002340792,0.00192211,0.001951235,0.001805572,0.003307265,0.002578262
OTU_1022,0.7145,1,0.845,0.007,Yes,Bacteria,Proteobacteria,Alphaproteobacteria,Alphaproteobacteria,SAR11 clade,,,,OTU_1022,4.64E-05,4.97E-05,5.94E-05,1.54E-05,6.80E-05,4.47E-05,2.71E-05,8.37E-06,7.87E-06,2.02E-05,3.18E-05,7.45E-05,2.96E-05,2.63E-05,7.12E-05,2.81E-05,4.38E-05,5.23E-06,6.44E-06,3.35E-05,1.75E-05,3.06E-05,4.50E-05,5.00E-05,8.19E-05,4.19E-05,6.97E-05,0.000108462,0.000185556,9.62E-05
OTU_1008,0.847,0.625,0.728,0.006,Yes,Bacteria,Bacteria,Bacteria,,,,,,OTU_1008,0,0,0,0,2.72E-05,0,0,0,0,0,6.36E-06,0,0,0,0,0,1.09E-05,0,0,5.59E-06,0,0,3.94E-05,3.12E-05,9.63E-06,0,7.74E-06,1.28E-05,0,0
OTU_977,0.8376,0.9091,0.873,0.023,No,Bacteria,Bacteroidetes,Bacteroidetes,Bacteroidia,Flavobacteriales,NS9 marine group,,,OTU_977,9.29E-06,0,1.49E-05,7.70E-06,3.40E-05,4.47E-05,0.000126242,0,0.000173147,9.09E-05,0.000228823,1.06E-05,4.24E-05,0.000142251,4.07E-05,0.000332465,7.12E-05,9.94E-05,0.000128722,6.70E-05,5.24E-05,1.31E-05,2.25E-05,1.87E-05,4.82E-06,9.31E-06,3.10E-05,1.28E-05,1.64E-05,6.41E-06
OTU_893,0.762,1,0.873,0.006,No,Bacteria,Bacteroidetes,Bacteroidetes,Bacteroidia,Flavobacteriales,Flavobacteriaceae,,,OTU_893,1.86E-05,7.46E-05,8.92E-05,4.62E-05,0.000176753,0.000116253,0.000144277,0.000125557,3.94E-05,5.05E-05,1.27E-05,2.13E-05,6.35E-05,5.27E-06,5.09E-06,5.15E-05,6.57E-05,8.89E-05,2.57E-05,5.59E-06,7.57E-05,0.000113584,2.81E-05,2.50E-05,9.63E-06,2.33E-05,3.10E-05,3.19E-05,5.46E-06,6.41E-06
OTU_78,0.5846,1,0.765,0.034,No,Bacteria,Bacteroidetes,Bacteroidetes,Bacteroidia,Flavobacteriales,NS9 marine group,,,OTU_78,0.002963417,0.002957845,0.002400077,0.002054621,0.003283525,0.001573888,0.002912586,0.000853785,0.004210609,0.002503685,0.004500181,0.001861811,0.0014782,0.003809173,0.002426814,0.003816329,0.002101944,0.003509359,0.00506523,0.002977005,0.004048111,0.003433739,0.002301554,0.001348879,0.001396769,0.001247277,0.003631464,0.002111818,0.002750596,0.001943317
OTU_679,1,0.5455,0.739,0.027,No,Bacteria,Bacteroidetes,Bacteroidetes,Bacteroidia,,,,,OTU_679,0,1.66E-05,0,0,0,1.79E-05,0,0,1.57E-05,9.09E-05,0,5.32E-06,8.47E-06,5.27E-06,0,5.15E-05,1.64E-05,0,1.93E-05,3.35E-05,5.82E-06,0,0,0,0,0,0,0,0,0
OTU_633,0.7668,1,0.876,0.002,No,Bacteria,Bacteroidetes,Bacteroidetes,Bacteroidia,Flavobacteriales,NS9 marine group,,,OTU_633,0.000148635,0.00015742,0.000148612,8.46E-05,5.44E-05,0.000733289,0.000468899,0.000209261,0.000629624,0.000504775,0.000241535,0.000308529,0.000656507,0.000384605,0.000442626,0.000913109,0.000804651,0.000266732,0.000379731,0.000480342,0.000215511,0.000231537,9.57E-05,0.000131141,9.15E-05,0.000116351,5.42E-05,8.93E-05,0.000191014,0.000166753
OTU_56,0.5879,1,0.767,0.006,No,Bacteria,Bacteroidetes,Bacteroidetes,Bacteroidia,Flavobacteriales,NS9 marine group,,,OTU_56,0.012188098,0.012983032,0.010358228,0.008780233,0.010455615,0.01114241,0.014175188,0.006328054,0.009633244,0.008278313,0.009356309,0.009027124,0.008949673,0.017396802,0.015624205,0.014473955,0.010728674,0.012348133,0.006674261,0.006730377,0.011323063,0.012782595,0.006938426,0.007100348,0.004248105,0.006036264,0.010344641,0.011624569,0.007056589,0.007754026
OTU_465,0.7063,1,0.84,0.003,No,Bacteria,Bacteroidetes,Bacteroidetes,Bacteroidia,Flavobacteriales,Flavobacteriaceae,Pseudofulvibacter,uncultured Flavobacteriaceae bacterium,OTU_465,0.001142634,0.000919666,0.001055142,0.000877254,0.001366436,0.001135703,0.000919764,0.000292965,0.000566661,0.000484584,0.000680112,0.000771322,0.000465908,0.000489977,0.000198419,0.001250258,0.001784463,0.000292882,0.00019952,6.14E-05,0.000361126,0.000755772,0.000140682,0.000206079,0.000322702,0.000232701,0.000271005,0.000363667,0.000540296,0.000352747
OTU_449,0.7102,1,0.843,0.008,No,Bacteria,Bacteroidetes,Bacteroidetes,Bacteroidia,Flavobacteriales,NS9 marine group,uncultured marine bacterium,uncultured marine bacterium,OTU_449,0.000139346,9.94E-05,6.69E-05,5.39E-05,3.40E-05,9.84E-05,0.000117225,7.53E-05,0.000125925,7.07E-05,8.26E-05,7.45E-05,0.000148244,0.000358262,0.00023912,0.000154526,0.000273691,5.23E-05,2.57E-05,8.38E-05,7.57E-05,7.86E-05,2.25E-05,3.12E-05,9.63E-06,3.72E-05,1.55E-05,2.55E-05,0.000130981,0.000102617
OTU_346,0.6098,1,0.781,0.016,No,Bacteria,Bacteroidetes,Bacteroidetes,Bacteroidia,Flavobacteriales,NS9 marine group,,,OTU_346,0.002164502,0.001880758,0.001330074,0.000800302,0.001053719,0.001126761,0.002326462,0.000904008,0.00078703,0.000918691,0.001461923,0.001319226,0.000902168,0.002934591,0.002452252,0.001503119,0.001187817,0.001820055,0.000521326,0.000681416,0.001922125,0.00203141,0.000759682,0.00080558,0.000606872,0.000777221,0.001176935,0.00109738,0.001075134,0.001154446
OTU_1423,0.8167,0.7273,0.771,0.042,No,Bacteria,Bacteroidetes,Bacteroidetes,Bacteroidia,Flavobacteriales,NS9 marine group,,,OTU_1423,9.29E-06,1.66E-05,7.43E-06,5.39E-05,6.80E-06,0,9.02E-06,8.37E-06,0,3.03E-05,0,1.06E-05,8.47E-06,1.05E-05,5.09E-06,4.68E-06,0,5.23E-06,0,1.12E-05,0,2.62E-05,0,0,0,0,0,0,5.46E-06,1.28E-05
OTU_135,0.5663,1,0.753,0.035,No,Bacteria,Bacteroidetes,Bacteroidetes,Bacteroidia,Flavobacteriales,NS9 marine group,,,OTU_135,0.002786913,0.002336449,0.003366053,0.0025702,0.002576514,0.001716968,0.003769229,0.00190009,0.002180072,0.001928241,0.002364502,0.002207576,0.001766216,0.004457206,0.003530836,0.002945363,0.002145735,0.002751003,0.001769934,0.001318149,0.003290911,0.003542955,0.002217145,0.002210662,0.001074067,0.001521865,0.001958978,0.00278173,0.002106607,0.002065175
OTU_1341,0.6547,1,0.809,0.016,No,Bacteria,Bacteroidetes,Bacteroidetes,Bacteroidia,Flavobacteriales,NS9 marine group,uncultured marine bacterium,uncultured marine bacterium,OTU_1341,0.000287981,0.000149135,0.000245209,0.000146209,0.000163157,0.000134138,0.000171329,8.37E-05,3.94E-05,8.08E-05,6.99E-05,9.04E-05,5.51E-05,0.00025816,9.67E-05,0.0001077,8.21E-05,6.80E-05,2.57E-05,5.03E-05,5.82E-05,6.99E-05,5.06E-05,3.75E-05,4.33E-05,5.58E-05,3.87E-05,9.57E-05,8.73E-05,7.70E-05
OTU_1302,0.9721,0.6818,0.814,0.024,No,Bacteria,Bacteroidetes,Bacteroidetes,Bacteroidia,Chitinophagales,Saprospiraceae,Aureispira,Ambiguous_taxa,OTU_1302,2.79E-05,4.14E-05,1.49E-05,5.39E-05,4.76E-05,8.94E-06,0.00023445,2.51E-05,0,0,0,0,7.62E-05,5.27E-06,0,4.68E-06,5.47E-06,1.05E-05,0,0,2.91E-05,2.62E-05,0,0,0,0,0,6.38E-06,0,0
OTU_130,0.8206,0.9091,0.864,0.004,No,Bacteria,Bacteroidetes,Bacteroidetes,Bacteroidia,Flavobacteriales,Flavobacteriaceae,Ulvibacter,uncultured marine bacterium,OTU_130,0.000130056,0.00015742,0.000148612,0.000146209,6.80E-05,7.15E-05,0.000180346,0.000209261,3.94E-05,5.05E-05,3.18E-05,5.32E-05,8.47E-05,4.74E-05,4.58E-05,6.09E-05,4.93E-05,0.000104601,0,0,4.08E-05,2.18E-05,1.69E-05,0,5.30E-05,5.58E-05,0,6.38E-06,0,6.41E-06
OTU_12,0.5449,1,0.738,0.023,No,Bacteria,Bacteroidetes,Bacteroidetes,Bacteroidia,Flavobacteriales,Flavobacteriaceae,NS2b marine group,,OTU_12,0.007868383,0.011251408,0.009592879,0.010796377,0.009463079,0.007180863,0.013273458,0.007977032,0.010947584,0.010135885,0.010265244,0.007612148,0.009707833,0.013260978,0.010429704,0.008545768,0.008977054,0.0095919,0.00886898,0.008355721,0.011072604,0.009488652,0.008198935,0.008449227,0.008318001,0.008000261,0.00943871,0.011012078,0.006936523,0.004829431
OTU_105,0.6178,1,0.786,0.008,No,Bacteria,Bacteroidetes,Bacteroidetes,Bacteroidia,Flavobacteriales,NS9 marine group,Ambiguous_taxa,Ambiguous_taxa,OTU_105,0.003669435,0.004366342,0.002556119,0.002416295,0.003276727,0.003630673,0.004445527,0.001531791,0.003148119,0.003190179,0.0025679,0.002925703,0.003515489,0.006627855,0.00667501,0.004748169,0.004762218,0.003488439,0.001480309,0.00171471,0.002259953,0.003446845,0.001744454,0.002604085,0.001204111,0.001815068,0.003484348,0.003100736,0.001342553,0.001898422
OTU_650,0.7313,1,0.855,0.018,Yes,Bacteria,Bacteroidetes,Bacteroidetes,Bacteroidia,Flavobacteriales,Flavobacteriaceae,,,OTU_650,0.000130056,9.94E-05,5.20E-05,6.93E-05,0.000407891,0.000402414,9.92E-05,0.000133927,0.000118054,5.05E-05,0.000286028,0.000361723,0.000101653,0.000126446,3.05E-05,4.68E-06,1.09E-05,7.85E-05,0.000212392,0.000134049,5.82E-05,0.00012669,7.32E-05,8.74E-05,0.000621321,0.000595715,0.000379407,0.000791134,0.000360197,0.000153926
OTU_309,0.6808,1,0.825,0.004,Yes,Bacteria,Bacteroidetes,Bacteroidetes,Bacteroidia,Flavobacteriales,Crocinitomicaceae,Fluviicola,,OTU_309,0.000390168,0.000505402,0.001010559,0.000615617,0.000428286,0.000348759,0.000513986,0.000636154,0.000330552,0.000151433,0.000991565,0.00029789,0.000211776,0.001106399,0.000524029,0.000505722,0.000563803,0.000277192,7.72E-05,0.000262513,0.000594111,0.000332015,0.001170473,0.000849294,0.000765815,0.000553828,0.001145963,0.001148421,0.001418958,0.001224995
OTU_259,0.9058,0.875,0.89,0.015,Yes,Bacteria,Bacteroidetes,Bacteroidetes,Bacteroidia,Flavobacteriales,Flavobacteriaceae,Croceibacter,Ambiguous_taxa,OTU_259,5.57E-05,8.29E-05,2.23E-05,0,2.04E-05,8.94E-06,9.02E-06,4.19E-05,0,1.01E-05,0,0,0,2.11E-05,0,9.37E-06,5.47E-06,1.05E-05,0,0,6.41E-05,4.37E-05,0,0.000131141,0.000630954,0.000186161,0.000247776,0.000165883,4.91E-05,6.41E-06
OTU_1374,0.9817,0.875,0.927,0.001,Yes,Bacteria,Bacteroidetes,Bacteroidetes,Bacteroidia,Chitinophagales,Saprospiraceae,uncultured,,OTU_1374,0,1.66E-05,0,0,0,0,0,0,0,0,0,0,0,0,0,0,0,0,5.15E-05,1.12E-05,5.82E-06,0,1.13E-05,3.12E-05,0,4.65E-06,0.000712355,0.000880456,1.09E-05,6.41E-06
OTU_815,0.7693,0.9545,0.857,0.004,No,Bacteria,Chloroflexi,Chloroflexi,Dehalococcoidia,SAR202 clade,uncultured deep-sea bacterium,uncultured deep-sea bacterium,uncultured deep-sea bacterium,OTU_815,2.79E-05,8.29E-06,2.23E-05,0,6.80E-06,8.94E-06,5.41E-05,2.51E-05,5.51E-05,3.03E-05,8.26E-05,0.000117028,3.81E-05,0.000136983,0.000117016,7.49E-05,4.93E-05,8.89E-05,5.79E-05,3.35E-05,2.91E-05,4.37E-05,5.63E-06,1.87E-05,2.41E-05,1.86E-05,0,1.28E-05,2.18E-05,1.92E-05
OTU_406,0.8166,0.9545,0.883,0.025,No,Bacteria,Chloroflexi,Chloroflexi,Dehalococcoidia,SAR202 clade,Ambiguous_taxa,Ambiguous_taxa,Ambiguous_taxa,OTU_406,9.29E-06,8.29E-06,2.23E-05,7.70E-06,3.40E-05,1.79E-05,2.71E-05,0,0.000338423,3.03E-05,0.000146192,4.79E-05,2.54E-05,0.000158057,4.58E-05,0.000280957,6.02E-05,0.000183052,0.000688665,0.000117293,0.000139791,7.86E-05,7.32E-05,3.12E-05,2.89E-05,1.86E-05,7.74E-06,2.55E-05,1.64E-05,0
OTU_405,0.6586,1,0.812,0.006,No,Bacteria,Chloroflexi,Chloroflexi,Dehalococcoidia,SAR202 clade,Ambiguous_taxa,Ambiguous_taxa,Ambiguous_taxa,OTU_405,0.000102187,9.11E-05,5.94E-05,4.62E-05,6.80E-06,4.47E-05,9.92E-05,3.35E-05,0.000102314,9.09E-05,8.26E-05,0.000148945,0.000114359,0.000179131,0.000203506,7.96E-05,0.00011495,6.80E-05,0.000193084,5.03E-05,0.000104843,5.68E-05,7.32E-05,4.37E-05,5.78E-05,3.72E-05,1.55E-05,3.83E-05,9.28E-05,3.21E-05
OTU_330,0.624,1,0.79,0.031,No,Bacteria,Chloroflexi,Chloroflexi,Dehalococcoidia,SAR202 clade,,,,OTU_330,0.000297271,0.00073739,0.000408682,0.000423236,0.000319515,0.000295104,0.000513986,0.000359929,0.001227766,0.000767258,0.000864442,0.001021336,0.000563325,0.00198098,0.00102262,0.001165971,0.000788229,0.001129689,0.00197589,0.000776367,0.000669831,0.000830039,0.000585236,0.000518319,0.000553891,0.000502634,0.000294234,0.000472128,0.000682192,0.000365574
OTU_261,0.7178,1,0.847,0.015,No,Bacteria,Chloroflexi,Chloroflexi,Dehalococcoidia,SAR202 clade,Ambiguous_taxa,Ambiguous_taxa,Ambiguous_taxa,OTU_261,0.000427327,0.000571684,0.000468127,0.000592531,0.000523461,0.000375587,0.000802539,0.000309706,0.002786085,0.000706685,0.001029702,0.000558543,0.000567561,0.001058982,0.000691922,0.001259623,0.000738965,0.001579473,0.004923635,0.000642318,0.000873693,0.00069898,0.000641509,0.00064946,0.000245639,0.000339743,0.000472323,0.000376427,0.000191014,0.000256543
OTU_1407,0.7984,0.9545,0.873,0.031,No,Bacteria,Chloroflexi,Chloroflexi,Dehalococcoidia,SAR202 clade,uncultured Chloroflexi bacterium,uncultured Chloroflexi bacterium,uncultured Chloroflexi bacterium,OTU_1407,9.29E-06,0.000107709,1.49E-05,6.16E-05,3.40E-05,4.47E-05,3.61E-05,0,0.000432866,6.06E-05,4.45E-05,6.92E-05,7.62E-05,0.000173863,0.000106841,0.000177939,7.66E-05,0.000203972,0.000675793,5.03E-05,0.000157265,9.17E-05,1.69E-05,0.000106162,1.44E-05,3.26E-05,1.55E-05,4.47E-05,5.46E-06,1.28E-05
OTU_892,0.697,1,0.835,0.015,Yes,Bacteria,Chloroflexi,Chloroflexi,Dehalococcoidia,SAR202 clade,marine metagenome,marine metagenome,marine metagenome,OTU_892,0.000111477,8.29E-05,8.92E-05,6.16E-05,5.44E-05,2.68E-05,2.71E-05,8.37E-06,2.36E-05,0.000100955,5.08E-05,1.06E-05,2.54E-05,2.11E-05,1.02E-05,2.34E-05,5.47E-06,5.23E-06,6.44E-06,2.23E-05,4.66E-05,3.93E-05,3.94E-05,8.74E-05,7.22E-05,9.31E-05,3.87E-05,8.93E-05,0.000191014,0.000102617
OTU_599,0.7679,0.875,0.82,0.006,Yes,Bacteria,Chloroflexi,Chloroflexi,Dehalococcoidia,SAR202 clade,uncultured Chloroflexus sp.,uncultured Chloroflexus sp.,uncultured Chloroflexus sp.,OTU_599,1.86E-05,8.29E-06,0,7.70E-06,0,0,0,0,0,0,0,2.13E-05,4.24E-06,5.27E-06,1.02E-05,4.68E-06,5.47E-06,0,0,5.59E-06,5.82E-06,8.74E-06,2.25E-05,1.25E-05,9.63E-06,1.86E-05,3.87E-05,1.91E-05,0,6.41E-06
OTU_430,0.7451,1,0.863,0.003,Yes,Bacteria,Chloroflexi,Chloroflexi,Dehalococcoidia,SAR202 clade,Ambiguous_taxa,Ambiguous_taxa,Ambiguous_taxa,OTU_430,0.000102187,7.46E-05,0.000178334,0.000115428,5.44E-05,0.000178851,5.41E-05,5.02E-05,3.94E-05,0.000151433,3.18E-05,0.000111709,0.000101653,8.43E-05,7.12E-05,1.87E-05,8.21E-05,0,3.22E-05,9.50E-05,2.91E-05,5.24E-05,0.000135055,9.99E-05,0.000293803,0.000190815,9.29E-05,0.000153123,0.000562126,0.000288611
OTU_418,0.7901,0.875,0.831,0.01,Yes,Bacteria,Chloroflexi,Chloroflexi,JG30-KF-CM66,uncultured Chloroflexi bacterium,uncultured Chloroflexi bacterium,uncultured Chloroflexi bacterium,uncultured Chloroflexi bacterium,OTU_418,0,8.29E-06,0,1.54E-05,0,8.94E-06,0,0,0,1.01E-05,0,1.60E-05,4.24E-06,1.58E-05,6.61E-05,0,1.64E-05,5.23E-06,0,5.59E-06,5.82E-06,0,1.13E-05,0,2.41E-05,4.65E-05,1.55E-05,4.47E-05,4.37E-05,5.77E-05
OTU_255,0.7372,1,0.859,0.003,Yes,Bacteria,Chloroflexi,Chloroflexi,Dehalococcoidia,SAR202 clade,Ambiguous_taxa,Ambiguous_taxa,Ambiguous_taxa,OTU_255,5.57E-05,4.14E-05,2.97E-05,4.62E-05,4.76E-05,1.79E-05,1.80E-05,1.67E-05,2.36E-05,4.04E-05,0,6.38E-05,5.51E-05,3.16E-05,3.56E-05,4.68E-06,2.19E-05,0,0,3.35E-05,2.33E-05,2.18E-05,2.81E-05,1.87E-05,8.67E-05,0.000102388,3.87E-05,8.29E-05,0.000174641,0.000109031
OTU_1103,0.7108,1,0.843,0.012,Yes,Bacteria,Chloroflexi,Chloroflexi,JG30-KF-CM66,marine metagenome,marine metagenome,marine metagenome,marine metagenome,OTU_1103,9.29E-06,2.49E-05,2.23E-05,7.70E-06,3.40E-05,0,9.02E-06,0,0,1.01E-05,6.36E-06,1.06E-05,1.27E-05,2.63E-05,4.58E-05,4.68E-06,0,2.09E-05,0,1.12E-05,5.82E-06,1.75E-05,3.38E-05,6.24E-05,4.82E-06,1.86E-05,5.42E-05,6.38E-05,5.46E-06,6.41E-06
OTU_1016,0.6645,1,0.815,0.022,Yes,Bacteria,Chloroflexi,Chloroflexi,Dehalococcoidia,SAR202 clade,,,,OTU_1016,7.43E-05,4.97E-05,3.72E-05,5.39E-05,6.80E-06,4.47E-05,1.80E-05,8.37E-06,0,7.07E-05,1.27E-05,5.85E-05,2.54E-05,2.11E-05,3.56E-05,0,2.74E-05,0,1.29E-05,3.35E-05,2.33E-05,3.06E-05,5.63E-06,2.50E-05,0.000105962,6.52E-05,1.55E-05,5.10E-05,0.000125523,7.05E-05
OTU_94,0.7493,1,0.866,0.025,No,Bacteria,Dadabacteria,Dadabacteria,Dadabacteriia,Dadabacteriales,uncultured marine bacterium,uncultured marine bacterium,uncultured marine bacterium,OTU_94,0.000353009,0.000165706,0.000482988,0.000323199,0.000421488,0.000205679,0.000604159,0.000125557,0.00211711,0.000615826,0.002402639,0.000446835,0.000203305,0.000537394,0.000132279,0.001858997,0.00034485,0.001380731,0.003842366,0.001061221,0.001077555,0.000471811,0.000709036,0.000224813,0.000207107,0.000121005,0.000634926,0.000140363,0.000251046,4.49E-05
OTU_985,0.6894,1,0.83,0.027,Yes,Bacteria,Proteobacteria,Deltaproteobacteria,Deltaproteobacteria,,,,,OTU_985,1.86E-05,0,2.23E-05,1.54E-05,6.80E-06,8.94E-06,2.71E-05,0,0,3.03E-05,3.81E-05,3.19E-05,1.69E-05,3.16E-05,1.53E-05,4.68E-05,5.47E-06,1.05E-05,0,5.03E-05,4.08E-05,8.74E-06,2.81E-05,1.25E-05,2.89E-05,2.79E-05,6.97E-05,3.83E-05,0.000125523,1.28E-05
OTU_753,0.6825,1,0.826,0.022,Yes,Bacteria,Proteobacteria,Deltaproteobacteria,Deltaproteobacteria,Desulfarculales,Desulfarculaceae,uncultured,uncultured delta proteobacterium,OTU_753,2.79E-05,0,7.43E-05,4.62E-05,2.04E-05,1.79E-05,9.02E-06,2.51E-05,2.36E-05,2.02E-05,2.54E-05,2.66E-05,8.47E-06,4.21E-05,2.04E-05,1.87E-05,5.47E-06,5.23E-06,6.44E-06,1.68E-05,2.91E-05,9.61E-05,1.13E-05,1.25E-05,7.22E-05,7.45E-05,2.32E-05,8.29E-05,8.19E-05,8.34E-05
OTU_747,0.7481,1,0.865,0.01,Yes,Bacteria,Proteobacteria,Deltaproteobacteria,Deltaproteobacteria,Myxococcales,P3OB-42,uncultured bacterium,uncultured bacterium,OTU_747,0.000176504,3.31E-05,0.000111459,5.39E-05,0.000122367,5.37E-05,8.12E-05,8.37E-06,0,8.08E-05,6.99E-05,0.000111709,4.24E-05,7.90E-05,2.04E-05,2.81E-05,8.76E-05,2.09E-05,0,5.59E-05,2.33E-05,2.62E-05,7.88E-05,5.62E-05,0.000327518,7.45E-05,0.000433608,0.000146743,0.000240131,3.21E-05
OTU_139,0.9226,1,0.961,0.001,Yes,Bacteria,Proteobacteria,Deltaproteobacteria,Deltaproteobacteria,Oligoflexales,Oligoflexaceae,uncultured,uncultured bacterium,OTU_139,0.000250822,0.000165706,0.000460696,0.000530969,0.00029912,0.000321932,1.80E-05,9.21E-05,0.000188887,3.03E-05,0.000425865,0.000558543,5.51E-05,0.000289771,7.12E-05,6.56E-05,7.66E-05,0.000172591,0.000521326,0.000223415,0.00107173,0.00047618,0.000573982,0.000374689,0.004368516,0.003383473,0.006821578,0.011605428,0.00035474,0.000121858
OTU_1184,0.666,1,0.816,0.038,Yes,Bacteria,Proteobacteria,Deltaproteobacteria,Deltaproteobacteria,Myxococcales,Blfdi19,uncultured bacterium,uncultured bacterium,OTU_1184,6.50E-05,9.11E-05,0.000111459,0.000130819,4.76E-05,7.15E-05,2.71E-05,2.51E-05,7.87E-06,4.04E-05,5.08E-05,3.72E-05,2.96E-05,2.11E-05,1.53E-05,1.87E-05,1.64E-05,1.05E-05,1.93E-05,5.03E-05,4.66E-05,5.24E-05,8.44E-05,6.24E-05,0.000144493,0.000130313,4.65E-05,3.83E-05,0.000163726,4.49E-05
OTU_1177,0.7587,1,0.871,0.002,Yes,Bacteria,Proteobacteria,Deltaproteobacteria,Deltaproteobacteria,SAR324 clade(Marine group B),,,,OTU_1177,0,8.29E-06,2.23E-05,0,0,0,9.02E-06,0,0,1.01E-05,6.36E-06,1.60E-05,0,0,2.04E-05,9.37E-06,5.47E-06,0,0,1.68E-05,0,2.62E-05,1.69E-05,2.50E-05,9.63E-06,1.86E-05,7.74E-06,6.38E-06,4.91E-05,3.85E-05
OTU_863,0.7018,1,0.838,0.001,No,Archaea,Euryarchaeota,Euryarchaeota,Thermoplasmata,Marine Group II,uncultured marine archaeon,uncultured marine archaeon,uncultured marine archaeon,OTU_863,0.000185794,0.000115994,0.00013375,0.000115428,0.000129166,0.000375587,0.000135259,0.000242743,0.000306942,0.000424011,0.000108055,0.000244695,0.00043626,0.00014752,0.000142454,0.000318418,0.000372219,9.94E-05,0.000128722,0.000402147,0.000116492,0.000122321,0.000101291,7.49E-05,7.22E-05,8.38E-05,0.000178089,8.93E-05,2.73E-05,0.000115445
OTU_746,0.7725,1,0.879,0.002,No,Archaea,Euryarchaeota,Euryarchaeota,Thermoplasmata,Marine Group II,,,,OTU_746,0.000185794,0.000149135,0.00012632,7.70E-05,4.08E-05,0.000393472,0.000153294,0.00018415,0.000417126,0.000585539,0.000152549,0.000356404,0.000529441,0.000432022,0.00039175,0.000393339,0.000547381,0.000125521,0.000109414,0.000536196,0.000110668,0.000113584,3.94E-05,5.00E-05,0.000115595,5.58E-05,0.000123888,7.02E-05,0.000141896,5.77E-05
OTU_19,0.6299,1,0.794,0.008,No,Archaea,Euryarchaeota,Euryarchaeota,Thermoplasmata,Marine Group II,uncultured marine archaeon,uncultured marine archaeon,uncultured marine archaeon,OTU_19,0.004886387,0.003604096,0.003663276,0.002608676,0.002977607,0.002396602,0.003742177,0.003766699,0.006178184,0.002645022,0.008905019,0.00305337,0.003235944,0.007702642,0.00371908,0.006705501,0.004608951,0.008901534,0.010040355,0.003351225,0.006343012,0.002865818,0.003702745,0.002073277,0.00261533,0.002182735,0.005814989,0.003011414,0.00163726,0.001584156
OTU_102,0.603,1,0.777,0.008,No,Archaea,Euryarchaeota,Euryarchaeota,Thermoplasmata,Marine Group II,uncultured marine archaeon,uncultured marine archaeon,uncultured marine archaeon,OTU_102,0.004700593,0.004871744,0.002845912,0.003839909,0.00180152,0.002700648,0.004535699,0.005039006,0.004297182,0.003563713,0.006985451,0.005638628,0.005573957,0.010821633,0.00721939,0.006270018,0.007050272,0.006208062,0.004383001,0.004412446,0.00644203,0.004975863,0.004259845,0.003497093,0.003005462,0.003932647,0.003476605,0.004906308,0.001675462,0.002584675
OTU_903,0.8087,0.75,0.779,0.02,Yes,Archaea,Euryarchaeota,Euryarchaeota,Thermoplasmata,Marine Group III,,,,OTU_903,9.29E-06,0,1.49E-05,0,0,0,0,0,0,0,6.36E-06,1.06E-05,4.24E-06,0,0,4.68E-06,0,0,0,1.12E-05,1.75E-05,4.37E-06,5.63E-06,0,1.44E-05,1.40E-05,0,3.19E-05,4.91E-05,1.28E-05
OTU_420,0.7,1,0.837,0.007,Yes,Archaea,Euryarchaeota,Euryarchaeota,Thermoplasmata,Marine Group II,,,,OTU_420,0,0,0,7.70E-06,6.80E-06,8.94E-06,0,8.37E-06,7.87E-06,0,1.27E-05,1.06E-05,8.47E-06,2.63E-05,1.53E-05,4.68E-06,0,5.23E-06,1.93E-05,5.59E-06,1.16E-05,2.18E-05,2.25E-05,1.87E-05,1.44E-05,9.31E-06,3.87E-05,2.55E-05,5.46E-06,1.92E-05
OTU_27,0.6677,1,0.817,0.008,Yes,Archaea,Euryarchaeota,Euryarchaeota,Thermoplasmata,Marine Group II,uncultured marine archaeon,uncultured marine archaeon,uncultured marine archaeon,OTU_27,0.00511863,0.003388679,0.002637856,0.003054998,0.000978939,0.000760116,0.002182185,0.001933572,0.000424996,0.001312415,0.001779733,0.003787456,0.001224068,0.003345539,0.00165349,0.000744535,0.00129182,0.000889107,0.000328242,0.001251124,0.002411393,0.003328892,0.002340945,0.002735226,0.006001291,0.004398049,0.003391432,0.004810606,0.004338738,0.004008492
OTU_1186,0.7714,0.875,0.822,0.036,Yes,Archaea,Euryarchaeota,Euryarchaeota,Thermoplasmata,Marine Group II,marine metagenome,marine metagenome,marine metagenome,OTU_1186,6.50E-05,1.66E-05,4.46E-05,7.70E-06,0,8.94E-06,0,8.37E-06,7.87E-06,3.03E-05,6.36E-06,1.06E-05,2.12E-05,1.05E-05,3.05E-05,0,0,0,1.29E-05,0,1.16E-05,1.31E-05,1.13E-05,0,7.22E-05,4.65E-06,5.42E-05,5.10E-05,0.000130981,5.13E-05
OTU_783,0.9421,0.6818,0.801,0.021,No,Bacteria,Proteobacteria,Gammaproteobacteria,Gammaproteobacteria,Alteromonadales,Colwelliaceae,Colwellia,uncultured Colwellia sp.,OTU_783,4.64E-05,0.000115994,0,7.70E-06,6.80E-06,2.68E-05,3.61E-05,4.19E-05,0,0,8.26E-05,9.04E-05,1.27E-05,1.05E-05,0,9.37E-05,8.21E-05,1.05E-05,0,0,0,4.37E-06,5.63E-06,0,0,9.31E-06,0,0,0,0
OTU_672,0.975,0.6364,0.788,0.036,No,Bacteria,Proteobacteria,Gammaproteobacteria,Gammaproteobacteria,OM182 clade,uncultured gamma proteobacterium,uncultured gamma proteobacterium,uncultured gamma proteobacterium,OTU_672,0,0,0,0,0,8.94E-06,9.02E-06,0,0.000362034,1.01E-05,7.63E-05,1.60E-05,0,2.63E-05,5.09E-06,0.00019667,5.47E-06,0.000266732,0.000263881,5.59E-06,3.49E-05,0,5.63E-06,0,0,0,0,6.38E-06,0,0
OTU_63,0.8526,0.9091,0.88,0.003,No,Bacteria,Proteobacteria,Gammaproteobacteria,Gammaproteobacteria,Alteromonadales,Alteromonadaceae,Alteromonas,Ambiguous_taxa,OTU_63,0.00064099,0.000671108,0.000631599,0.00036937,0.000135964,0.000295104,0.000649245,0.000929119,7.87E-06,0,0.000292385,0.000484071,0.001054647,0.00011064,0.000122104,0.000449531,0.001198765,0.001082619,0,2.23E-05,0.00039025,0.001323693,5.63E-06,6.87E-05,0.000173392,0.000311819,4.65E-05,7.66E-05,0,0
OTU_519,0.8509,0.9091,0.88,0.028,No,Bacteria,Proteobacteria,Gammaproteobacteria,Gammaproteobacteria,Oceanospirillales,Nitrincolaceae,uncultured,uncultured marine bacterium,OTU_519,1.86E-05,1.66E-05,7.43E-06,7.70E-06,0,1.79E-05,1.80E-05,8.37E-06,4.72E-05,2.02E-05,0.000317809,2.13E-05,2.12E-05,2.11E-05,1.02E-05,0.000238813,5.47E-06,8.89E-05,5.79E-05,0,1.75E-05,0.000275223,0,6.24E-06,0,2.79E-05,1.55E-05,6.38E-06,1.64E-05,6.41E-06
OTU_518,0.6838,1,0.827,0.02,No,Bacteria,Proteobacteria,Gammaproteobacteria,Gammaproteobacteria,Cellvibrionales,Spongiibacteraceae,BD1-7 clade,,OTU_518,0.000222953,0.000331411,0.000118889,7.70E-05,0.000333111,0.000384529,0.000504969,0.000242743,0.000456477,0.000595635,0.000165261,0.000234056,0.00036002,0.000305577,0.000188243,0.000149844,0.000208005,0.000313803,3.86E-05,5.03E-05,0.000658182,0.001022258,2.81E-05,1.87E-05,0.000385316,0.000214085,7.74E-05,0.000114842,0.000152811,0.00017958
OTU_505,0.715,1,0.846,0.012,No,Bacteria,Proteobacteria,Gammaproteobacteria,Gammaproteobacteria,Cellvibrionales,Porticoccaceae,SAR92 clade,,OTU_505,3.72E-05,5.80E-05,0.000282362,0.000346284,0.000190349,7.15E-05,0.000153294,0.000167409,0.00026759,0.000141337,0.000495783,0.000143625,8.89E-05,0.000521588,0.000335786,0.000290322,0.000164214,0.000397483,0.000341115,0.000111708,2.33E-05,3.06E-05,0.000146309,0.000187344,1.44E-05,1.40E-05,0.00015486,0.000140363,5.46E-06,1.28E-05
OTU_441,0.7116,1,0.844,0.002,No,Bacteria,Proteobacteria,Gammaproteobacteria,Gammaproteobacteria,Cellvibrionales,Halieaceae,OM60(NOR5) clade,,OTU_441,0.000250822,0.00015742,0.000393821,6.16E-05,0.000169955,0.000143081,0.000577107,0.00019252,0.000346293,0.000181719,0.000387727,9.04E-05,0.000152479,0.00025816,0.000111929,0.000421435,0.000295586,0.000512544,0.000521326,0.000189903,0.000425197,0.00012669,0.000202582,0.000124896,9.63E-05,6.05E-05,9.29E-05,8.93E-05,0.000174641,3.85E-05
OTU_40,0.8515,1,0.923,0.049,No,Bacteria,Proteobacteria,Gammaproteobacteria,Gammaproteobacteria,SAR86 clade,uncultured SAR86 cluster bacterium,uncultured SAR86 cluster bacterium,uncultured SAR86 cluster bacterium,OTU_40,5.57E-05,8.29E-06,5.20E-05,6.16E-05,4.76E-05,4.47E-05,0.000324623,7.53E-05,0.000606013,2.02E-05,0.001760664,4.79E-05,1.27E-05,8.96E-05,5.09E-06,0.000753901,1.09E-05,0.001270901,0.001396639,1.68E-05,0.000203862,0.000144165,2.25E-05,6.24E-06,6.26E-05,3.26E-05,0.000201318,0.000108462,1.09E-05,0
OTU_342,0.9088,0.9091,0.909,0.001,No,Bacteria,Proteobacteria,Gammaproteobacteria,Gammaproteobacteria,Cellvibrionales,Porticoccaceae,SAR92 clade,Ambiguous_taxa,OTU_342,0,0,6.69E-05,0.000107733,4.76E-05,0.000196736,0.000162311,5.86E-05,0.000401385,0.000242292,0.000241535,6.92E-05,0.000118595,0.000289771,0.000188243,0.000351196,0.000153267,0.000235352,0.000469837,0.000189903,5.82E-06,1.75E-05,1.13E-05,5.00E-05,0,0,3.87E-05,3.19E-05,0,0
OTU_314,0.7437,1,0.862,0.001,No,Bacteria,Proteobacteria,Gammaproteobacteria,Gammaproteobacteria,Cellvibrionales,Halieaceae,OM60(NOR5) clade,,OTU_314,0.000678149,0.000314841,0.000616738,0.000361675,0.000339909,0.000241449,0.000504969,0.000200891,0.000181017,8.08E-05,0.000311453,0.000143625,0.000245661,0.000226548,8.14E-05,0.000369926,0.000202531,0.000397483,0.000180211,7.26E-05,0.000104843,0.000109216,9.57E-05,7.49E-05,0.000105962,0.000102388,0.000139374,0.000108462,4.37E-05,7.70E-05
OTU_272,0.9557,0.8182,0.884,0.015,No,Bacteria,Proteobacteria,Gammaproteobacteria,Gammaproteobacteria,Oceanospirillales,Halomonadaceae,Halomonas,,OTU_272,9.29E-06,0,8.92E-05,0.00093112,0,0.000134138,9.02E-06,0.00019252,3.15E-05,2.02E-05,0,1.60E-05,2.54E-05,0.000115908,4.58E-05,0,9.31E-05,0.00122906,2.57E-05,2.23E-05,0.000192212,0.000493655,2.81E-05,0,0,9.31E-06,0,1.91E-05,5.46E-06,0
OTU_218,0.794,0.9545,0.871,0.018,No,Bacteria,Proteobacteria,Gammaproteobacteria,Gammaproteobacteria,Ga0077536,Ambiguous_taxa,Ambiguous_taxa,Ambiguous_taxa,OTU_218,9.29E-06,0,7.43E-06,3.85E-05,2.72E-05,6.26E-05,5.41E-05,2.51E-05,0.000204628,7.07E-05,0.00040044,5.85E-05,2.12E-05,0.000131714,8.14E-05,0.000177939,4.93E-05,0.000251042,0.000296062,5.59E-05,2.91E-05,6.12E-05,2.81E-05,6.87E-05,9.63E-06,3.26E-05,1.55E-05,1.28E-05,0,3.21E-05
OTU_199,0.715,1,0.846,0.016,No,Bacteria,Proteobacteria,Gammaproteobacteria,Gammaproteobacteria,Ectothiorhodospirales,Ectothiorhodospiraceae,uncultured,Ambiguous_taxa,OTU_199,0.000130056,9.94E-05,0.000356668,0.000323199,0.000401093,0.000134138,0.000279536,9.21E-05,0.000873603,0.000121146,0.000966141,0.000228737,0.00012283,4.74E-05,7.12E-05,0.000767948,0.000218953,0.000606685,0.000991163,0.000240171,0.000332003,0.000166008,0.000196955,0.000206079,0.000101145,4.19E-05,0.000240033,0.000159503,8.73E-05,6.41E-05
OTU_156,0.8523,1,0.923,0.003,No,Bacteria,Proteobacteria,Gammaproteobacteria,Gammaproteobacteria,Thiomicrospirales,Thioglobaceae,SUP05 cluster,uncultured marine bacterium,OTU_156,0.002350296,0.002278452,0.003366053,0.003786042,0.004228474,0.031594008,0.002506808,0.002971507,0.03624272,0.030054314,0.003349711,0.00187245,0.032240849,0.003129528,0.00215208,0.037301691,0.032552768,0.002594102,0.031543447,0.030641369,0.002551184,0.002979402,0.003162527,0.002991264,0.001921762,0.002252546,0.002539702,0.003496303,0.00132618,0.001366094
OTU_1412,1,0.5,0.707,0.03,No,Bacteria,Proteobacteria,Gammaproteobacteria,Gammaproteobacteria,,,,,OTU_1412,0,0,0,7.70E-06,0,0,0,8.37E-06,0,0,6.36E-06,5.32E-06,8.47E-06,5.27E-06,1.53E-05,1.40E-05,0,2.09E-05,0,5.59E-06,5.82E-06,0,0,0,0,0,0,0,0,0
OTU_1338,0.7486,1,0.865,0.001,No,Bacteria,Proteobacteria,Gammaproteobacteria,Gammaproteobacteria,Piscirickettsiales,Piscirickettsiaceae,Candidatus Endoecteinascidia,Ambiguous_taxa,OTU_1338,4.64E-05,8.29E-05,2.23E-05,6.93E-05,4.08E-05,6.26E-05,4.51E-05,3.35E-05,6.30E-05,5.05E-05,6.36E-05,8.51E-05,6.35E-05,0.000105371,0.000122104,0.000154526,8.21E-05,5.23E-05,0.000186648,4.47E-05,9.32E-05,4.37E-05,3.94E-05,2.50E-05,2.41E-05,4.65E-05,1.55E-05,6.38E-06,2.73E-05,1.28E-05
OTU_1108,0.6057,1,0.778,0.011,No,Bacteria,Proteobacteria,Gammaproteobacteria,Gammaproteobacteria,SAR86 clade,uncultured gamma proteobacterium,uncultured gamma proteobacterium,uncultured gamma proteobacterium,OTU_1108,0.00030656,0.000190561,0.000587016,0.000461712,0.000591442,0.000384529,0.000459882,0.000209261,0.000566661,0.000434107,0.000711893,0.000287251,0.000304958,0.000663839,0.00032561,0.000613422,0.000448853,0.000622375,0.000682229,0.00067583,0.000524216,0.000371333,0.000337636,0.000374689,0.000240822,0.000214085,0.000572982,0.000325386,0.000234674,0.000166753
OTU_1021,0.7283,1,0.853,0.023,No,Bacteria,Proteobacteria,Gammaproteobacteria,Gammaproteobacteria,Steroidobacterales,Woeseiaceae,Woeseia,,OTU_1021,9.29E-06,4.14E-05,5.20E-05,5.39E-05,7.48E-05,4.47E-05,7.21E-05,2.51E-05,0.000299071,3.03E-05,9.53E-05,6.92E-05,0.000110124,0.000284503,0.000203506,0.000145161,0.000153267,0.000183052,0.000553507,9.50E-05,5.82E-05,0.000113584,0.000106918,4.37E-05,4.82E-05,1.86E-05,4.65E-05,3.83E-05,2.18E-05,5.13E-05
OTU_867,0.9851,0.625,0.785,0.008,Yes,Bacteria,Proteobacteria,Gammaproteobacteria,Gammaproteobacteria,Pseudomonadales,Moraxellaceae,Psychrobacter,,OTU_867,0,0,0,0,0,0,1.80E-05,2.51E-05,0,0,0,0,4.24E-06,0,0,0,5.47E-06,0,0,0,5.82E-06,4.37E-06,3.94E-05,6.24E-06,0,0,0.000650412,0.000714573,0,0.000109031
OTU_732,0.6171,1,0.786,0.007,Yes,Bacteria,Proteobacteria,Gammaproteobacteria,Gammaproteobacteria,SAR86 clade,,,,OTU_732,0.000185794,0.000149135,0.00013375,0.000161599,0.00014956,0.000205679,0.000126242,0.000142298,0.000110184,0.000151433,8.26E-05,0.000106389,0.000127066,0.000152788,0.00015263,2.81E-05,0.000169688,5.23E-05,5.15E-05,0.000134049,0.00015144,0.000262117,0.000106918,0.000174855,0.000250455,0.000218739,0.000216804,0.000319006,0.000283792,0.00017958
OTU_727,0.7806,1,0.884,0.002,Yes,Bacteria,Proteobacteria,Gammaproteobacteria,Gammaproteobacteria,SAR86 clade,,,,OTU_727,1.86E-05,0,1.49E-05,7.70E-06,2.72E-05,3.58E-05,2.71E-05,0,7.87E-06,2.02E-05,0,5.32E-06,0,0,1.02E-05,0,5.47E-06,1.57E-05,0,1.12E-05,0,1.31E-05,1.69E-05,6.24E-06,5.30E-05,4.19E-05,2.32E-05,3.19E-05,9.28E-05,1.92E-05
OTU_71,0.7353,1,0.858,0.001,Yes,Bacteria,Proteobacteria,Gammaproteobacteria,Gammaproteobacteria,Oceanospirillales,Pseudohongiellaceae,Pseudohongiella,,OTU_71,0.000176504,0.000273414,0.000156042,0.000253942,0.000101973,0.000187793,8.12E-05,0.000167409,4.72E-05,0.000222101,8.26E-05,0.000207459,0.000177892,0.000105371,0.000193331,6.56E-05,0.000109476,1.57E-05,2.57E-05,0.000106122,2.91E-05,9.61E-05,0.000112545,7.49E-05,0.000356417,0.000460748,0.000139374,0.000446608,0.000878663,0.000442537
OTU_565,0.8237,1,0.908,0.002,Yes,Bacteria,Proteobacteria,Gammaproteobacteria,Gammaproteobacteria,SAR86 clade,,,,OTU_565,4.64E-05,7.46E-05,8.17E-05,5.39E-05,6.80E-05,4.47E-05,3.61E-05,8.37E-06,7.87E-06,4.04E-05,6.36E-05,2.66E-05,1.27E-05,2.11E-05,2.54E-05,9.37E-06,1.09E-05,2.09E-05,1.29E-05,3.35E-05,9.32E-05,9.17E-05,8.44E-05,1.25E-05,0.000245639,0.000107042,0.000216804,0.000102082,0.000611244,0.000121858
OTU_400,0.7754,1,0.881,0.004,Yes,Bacteria,Proteobacteria,Gammaproteobacteria,Gammaproteobacteria,,,,,OTU_400,0.000148635,0.000107709,0.000118889,0.000115428,8.84E-05,8.94E-06,3.61E-05,1.67E-05,3.94E-05,4.04E-05,1.27E-05,6.92E-05,2.54E-05,1.05E-05,8.14E-05,1.40E-05,1.09E-05,2.62E-05,1.29E-05,4.47E-05,2.33E-05,8.74E-05,0.0001238,0.000137386,0.000187841,0.000130313,0.000162603,0.000159503,0.000349282,0.00017958
OTU_33,0.687,1,0.829,0.001,Yes,Bacteria,Proteobacteria,Gammaproteobacteria,Gammaproteobacteria,SAR86 clade,marine metagenome,marine metagenome,marine metagenome,OTU_33,0.002303848,0.001806191,0.00268987,0.002070011,0.002420155,0.001985245,0.001073058,0.000970971,0.001306469,0.002019101,0.001061483,0.000978781,0.000978407,0.001670135,0.001159987,0.000674296,0.001029077,0.000512544,0.000984727,0.001625344,0.001316364,0.001572705,0.001924527,0.001405082,0.00376646,0.002736564,0.003166885,0.003725987,0.005943253,0.00304004
OTU_224,0.7127,1,0.844,0.005,Yes,Bacteria,Proteobacteria,Gammaproteobacteria,Gammaproteobacteria,UBA10353 marine group,Ambiguous_taxa,Ambiguous_taxa,Ambiguous_taxa,OTU_224,0.000102187,0.000198847,0.000104028,9.23E-05,9.52E-05,5.37E-05,2.71E-05,4.19E-05,3.15E-05,6.06E-05,5.08E-05,0.000127667,2.96E-05,5.80E-05,5.09E-05,1.87E-05,4.93E-05,2.09E-05,6.44E-06,5.03E-05,2.91E-05,5.68E-05,5.06E-05,7.49E-05,0.000231189,0.000107042,0.000131631,0.000146743,0.000294707,0.000185994
OTU_144,0.6679,1,0.817,0.034,Yes,Bacteria,Proteobacteria,Gammaproteobacteria,Gammaproteobacteria,HOC36,Ambiguous_taxa,Ambiguous_taxa,Ambiguous_taxa,OTU_144,0.000204374,0.000347982,0.000148612,0.000230856,0.00022434,8.94E-05,4.51E-05,9.21E-05,7.87E-06,6.06E-05,4.45E-05,0.000111709,0.00016095,0.00014752,0.000279821,1.87E-05,0.000104002,1.57E-05,6.44E-06,5.03E-05,3.49E-05,0.000174745,5.06E-05,0.000243548,0.000187841,0.000321127,6.19E-05,0.000312626,0.000403857,0.000320679
OTU_1398,0.7495,1,0.866,0.007,Yes,Bacteria,Proteobacteria,Gammaproteobacteria,Gammaproteobacteria,pItb-vmat-80,uncultured bacterium,uncultured bacterium,uncultured bacterium,OTU_1398,1.86E-05,0,1.49E-05,0,6.80E-06,8.94E-06,0,0,3.15E-05,6.06E-05,6.36E-06,1.06E-05,0,5.27E-06,0,0,0,0,0,1.12E-05,5.82E-06,8.74E-06,5.63E-06,6.24E-06,1.93E-05,2.33E-05,1.55E-05,1.28E-05,6.55E-05,5.77E-05
OTU_1327,0.7958,1,0.892,0.001,Yes,Bacteria,Proteobacteria,Gammaproteobacteria,Gammaproteobacteria,SAR86 clade,uncultured gamma proteobacterium HF4000_19M20,uncultured gamma proteobacterium HF4000_19M20,uncultured gamma proteobacterium HF4000_19M20,OTU_1327,1.86E-05,0,1.49E-05,1.54E-05,2.72E-05,8.94E-06,9.02E-06,8.37E-06,0,0,6.36E-06,1.06E-05,0,5.27E-06,2.04E-05,0,5.47E-06,0,0,1.12E-05,0,0,1.13E-05,6.24E-06,2.41E-05,3.26E-05,1.55E-05,3.19E-05,8.19E-05,2.57E-05
OTU_1218,0.6683,0.875,0.765,0.016,Yes,Bacteria,Proteobacteria,Gammaproteobacteria,Gammaproteobacteria,SAR86 clade,marine metagenome,marine metagenome,marine metagenome,OTU_1218,0,0,0,7.70E-06,0,1.79E-05,0,0,0,0,6.36E-06,5.32E-06,0,2.11E-05,0,0,0,0,0,0,0,8.74E-06,5.63E-06,6.24E-06,1.44E-05,4.65E-06,0,6.38E-06,5.46E-06,6.41E-06
OTU_1192,0.7625,0.75,0.756,0.022,Yes,Bacteria,Proteobacteria,Gammaproteobacteria,Gammaproteobacteria,Oceanospirillales,Nitrincolaceae,uncultured,uncultured bacterium,OTU_1192,0,8.29E-06,0,0,0,0,9.02E-06,0,0,0,1.91E-05,0,0,2.11E-05,0,0,0,0,6.44E-06,5.59E-06,0,8.74E-06,5.63E-06,6.24E-06,9.63E-06,9.31E-06,5.42E-05,6.38E-06,0,0
OTU_108,0.5607,1,0.749,0.025,Yes,Bacteria,Proteobacteria,Gammaproteobacteria,Gammaproteobacteria,,,,,OTU_108,0.003790201,0.004863459,0.004696126,0.005332779,0.003671022,0.004507042,0.003444607,0.003565808,0.002793956,0.004482404,0.00278401,0.003877886,0.00372303,0.002391929,0.004466966,0.002870441,0.003995884,0.002170468,0.00257445,0.00550718,0.003739406,0.005893275,0.004079772,0.005289353,0.005182495,0.005096152,0.00395667,0.004376759,0.006510836,0.005021838
OTU_1011,0.6798,0.875,0.771,0.036,Yes,Bacteria,Proteobacteria,Gammaproteobacteria,Gammaproteobacteria,Steroidobacterales,Woeseiaceae,Woeseia,,OTU_1011,9.29E-06,8.29E-06,0,0,6.80E-06,0,9.02E-06,0,2.36E-05,0,0,0,0,0,5.09E-06,4.68E-06,0,5.23E-06,1.29E-05,5.59E-06,5.82E-06,0,5.63E-06,6.24E-06,4.82E-06,1.40E-05,1.55E-05,6.38E-06,2.18E-05,0
OTU_810,0.8998,0.9545,0.927,0.028,No,Bacteria,Gemmatimonadetes,Gemmatimonadetes,BD2-11 terrestrial group,uncultured Gemmatimonadetes bacterium,uncultured Gemmatimonadetes bacterium,uncultured Gemmatimonadetes bacterium,uncultured Gemmatimonadetes bacterium,OTU_810,9.29E-06,8.29E-06,3.72E-05,3.08E-05,6.80E-06,0,5.41E-05,8.37E-06,0.000464348,1.01E-05,0.000120768,2.66E-05,2.12E-05,0.000136983,5.09E-06,0.000145161,1.09E-05,0.000167361,0.001049088,4.47E-05,0.000104843,2.62E-05,3.38E-05,6.24E-06,9.63E-06,0,1.55E-05,1.28E-05,1.64E-05,6.41E-06
OTU_1333,0.6213,1,0.788,0.041,No,Bacteria,Gemmatimonadetes,Gemmatimonadetes,BD2-11 terrestrial group,Ambiguous_taxa,Ambiguous_taxa,Ambiguous_taxa,Ambiguous_taxa,OTU_1333,8.36E-05,9.94E-05,5.20E-05,0.000107733,2.72E-05,5.37E-05,9.92E-05,7.53E-05,0.000157406,6.06E-05,9.53E-05,7.98E-05,0.000131301,0.00029504,0.00023912,6.56E-05,0.00011495,0.000120291,9.01E-05,4.47E-05,9.90E-05,5.24E-05,6.75E-05,5.62E-05,6.26E-05,6.52E-05,5.42E-05,9.57E-05,3.82E-05,5.77E-05
OTU_861,0.7483,0.9545,0.845,0.014,No,Bacteria,Lentisphaerae,Lentisphaerae,Lentisphaeria,Lentisphaerales,Lentisphaeraceae,Lentisphaera,Ambiguous_taxa,OTU_861,0.000185794,0.000323126,0.000208056,0.000161599,9.52E-05,0.000107311,6.31E-05,0.000159038,7.87E-05,5.05E-05,1.27E-05,4.79E-05,8.05E-05,0.000115908,9.67E-05,1.40E-05,1.64E-05,2.09E-05,0,1.12E-05,0.000139791,0.000192219,1.13E-05,1.25E-05,8.19E-05,8.38E-05,3.87E-05,6.38E-06,0,3.21E-05
OTU_397,0.7466,0.9545,0.844,0.039,No,Bacteria,Lentisphaerae,Lentisphaerae,Lentisphaeria,Lentisphaerales,Lentisphaeraceae,Lentisphaera,uncultured bacterium,OTU_397,3.72E-05,9.11E-05,4.46E-05,1.54E-05,2.72E-05,1.79E-05,9.02E-06,4.19E-05,0,2.02E-05,8.26E-05,0.000117028,4.24E-06,0.00011064,0.000106841,0.000238813,4.38E-05,0.000104601,1.29E-05,1.68E-05,1.16E-05,3.49E-05,2.81E-05,3.75E-05,1.44E-05,4.65E-06,0,1.91E-05,1.09E-05,3.21E-05
OTU_850,0.869,0.7273,0.795,0.016,No,Bacteria,Marinimicrobia (SAR406 clade),Marinimicrobia (SAR406 clade),,,,,,OTU_850,9.29E-06,1.66E-05,7.43E-06,0,6.80E-06,8.94E-06,0,8.37E-06,0,0,1.27E-05,2.13E-05,2.12E-05,5.27E-06,3.05E-05,4.68E-06,2.74E-05,0,6.44E-06,5.59E-06,0,8.74E-06,0,0,0,4.65E-06,0,6.38E-06,0,0
OTU_676,0.648,1,0.805,0.001,No,Bacteria,Marinimicrobia (SAR406 clade),Marinimicrobia (SAR406 clade),metagenome,metagenome,metagenome,metagenome,metagenome,OTU_676,0.000250822,0.000281699,0.000178334,0.000200075,0.000258331,0.000268276,0.00019838,0.000150668,0.000480088,0.000272579,0.00026696,0.000409598,0.000309194,0.000742868,0.000417188,0.000440166,0.000476222,0.000345183,0.000733718,0.000268098,0.000285406,0.000297066,0.000225091,0.000181099,0.000163759,0.000134967,0.00023229,0.000191403,0.000256504,0.000102617
OTU_1336,0.6917,0.9091,0.793,0.038,No,Bacteria,Marinimicrobia (SAR406 clade),Marinimicrobia (SAR406 clade),uncultured bacterium,uncultured bacterium,uncultured bacterium,uncultured bacterium,uncultured bacterium,OTU_1336,9.29E-06,1.66E-05,0,2.31E-05,1.36E-05,1.79E-05,0,3.35E-05,4.72E-05,3.03E-05,5.08E-05,5.85E-05,3.39E-05,5.27E-05,1.53E-05,3.75E-05,4.93E-05,1.57E-05,2.57E-05,1.68E-05,1.16E-05,2.18E-05,1.13E-05,3.75E-05,0,3.26E-05,0,1.28E-05,0,0
OTU_1319,0.794,1,0.891,0.001,No,Bacteria,Marinimicrobia (SAR406 clade),Marinimicrobia (SAR406 clade),marine metagenome,marine metagenome,marine metagenome,marine metagenome,marine metagenome,OTU_1319,6.50E-05,3.31E-05,7.43E-05,2.31E-05,8.16E-05,0.000321932,0.000180346,7.53E-05,0.000472218,0.000171624,0.000177973,0.000143625,0.000101653,0.000216011,0.000142454,0.000552548,0.000218953,0.000167361,0.000559943,0.000307196,9.90E-05,5.68E-05,5.06E-05,3.12E-05,4.82E-05,1.86E-05,6.19E-05,8.29E-05,4.91E-05,5.77E-05
OTU_1286,0.6616,1,0.813,0.018,No,Bacteria,Marinimicrobia (SAR406 clade),Marinimicrobia (SAR406 clade),,,,,,OTU_1286,1.86E-05,4.14E-05,1.49E-05,3.08E-05,2.04E-05,2.68E-05,1.80E-05,1.67E-05,1.57E-05,3.03E-05,1.91E-05,4.26E-05,2.96E-05,0.000115908,3.56E-05,3.28E-05,7.12E-05,2.09E-05,6.44E-05,2.23E-05,2.91E-05,3.06E-05,2.81E-05,1.87E-05,2.41E-05,9.31E-06,7.74E-06,3.19E-05,0,1.92E-05
OTU_1204,0.9465,0.5909,0.748,0.024,No,Bacteria,Marinimicrobia (SAR406 clade),Marinimicrobia (SAR406 clade),uncultured bacterium,uncultured bacterium,uncultured bacterium,uncultured bacterium,uncultured bacterium,OTU_1204,4.64E-05,1.66E-05,0,0,0,1.79E-05,0,0,1.57E-05,1.01E-05,0,5.32E-06,1.27E-05,5.27E-06,1.53E-05,9.37E-06,3.28E-05,0,0,1.68E-05,0,2.18E-05,0,0,0,4.65E-06,0,0,0,0
OTU_90,0.7578,1,0.871,0.004,Yes,Bacteria,Marinimicrobia (SAR406 clade),Marinimicrobia (SAR406 clade),Ambiguous_taxa,Ambiguous_taxa,Ambiguous_taxa,Ambiguous_taxa,Ambiguous_taxa,OTU_90,0.000195084,0.000231988,0.000148612,0.000300113,0.000101973,0.000321932,5.41E-05,0.000175779,3.94E-05,0.000282674,5.08E-05,0.000228737,0.000110124,6.32E-05,0.000167893,2.81E-05,8.76E-05,1.05E-05,2.57E-05,0.000161976,6.99E-05,0.000166008,6.19E-05,0.000106162,0.000539442,0.000400246,0.000162603,0.000421088,0.001042389,0.000705495
OTU_435,0.6809,0.875,0.772,0.023,Yes,Bacteria,Marinimicrobia (SAR406 clade),Marinimicrobia (SAR406 clade),,,,,,OTU_435,9.29E-06,3.31E-05,0,0,1.36E-05,0,0,1.67E-05,0,0,0,0,0,1.58E-05,1.53E-05,0,0,0,0,0,5.82E-06,4.37E-06,0,6.24E-06,3.37E-05,9.31E-06,1.55E-05,6.38E-06,1.09E-05,6.41E-06
OTU_408,0.8116,0.875,0.843,0.002,Yes,Bacteria,Marinimicrobia (SAR406 clade),Marinimicrobia (SAR406 clade),,,,,,OTU_408,2.79E-05,2.49E-05,3.72E-05,0,1.36E-05,0,0,0,0,0,0,0,8.47E-06,0,0,0,0,0,0,0,0,0,5.63E-06,0,2.41E-05,1.86E-05,7.74E-06,2.55E-05,4.91E-05,4.49E-05
OTU_34,0.6903,1,0.831,0.004,Yes,Bacteria,Marinimicrobia (SAR406 clade),Marinimicrobia (SAR406 clade),Ambiguous_taxa,Ambiguous_taxa,Ambiguous_taxa,Ambiguous_taxa,Ambiguous_taxa,OTU_34,0.001467774,0.001483065,0.001211185,0.000992682,0.000781792,0.001287726,0.000468899,0.000895637,0.000362034,0.001120601,0.000381371,0.001659672,0.000944523,0.000705988,0.001785769,0.000285639,0.00076086,0.000130751,0.000353987,0.000927172,0.000413548,0.000878094,0.000664018,0.000793091,0.002514184,0.001582367,0.001169192,0.001486567,0.004327823,0.003104176
OTU_190,0.7161,1,0.846,0.017,Yes,Bacteria,Marinimicrobia (SAR406 clade),Marinimicrobia (SAR406 clade),Ambiguous_taxa,Ambiguous_taxa,Ambiguous_taxa,Ambiguous_taxa,Ambiguous_taxa,OTU_190,0.000130056,0.00014085,2.97E-05,9.23E-05,4.76E-05,8.05E-05,9.02E-06,5.02E-05,1.57E-05,6.06E-05,1.91E-05,9.04E-05,6.78E-05,4.21E-05,0.000111929,4.68E-06,3.28E-05,1.05E-05,3.22E-05,5.03E-05,5.82E-06,6.12E-05,1.69E-05,4.37E-05,0.000168576,0.000181507,3.10E-05,0.000102082,0.000338367,0.000205235
OTU_134,0.7278,1,0.853,0.036,Yes,Bacteria,Marinimicrobia (SAR406 clade),Marinimicrobia (SAR406 clade),Ambiguous_taxa,Ambiguous_taxa,Ambiguous_taxa,Ambiguous_taxa,Ambiguous_taxa,OTU_134,0.000752466,0.000240273,0.000371529,0.000300113,0.000203946,0.000196736,0.000117225,0.000117186,0.000118054,0.000161528,0.000177973,0.000132987,6.35E-05,5.27E-05,5.09E-05,9.37E-05,3.28E-05,6.28E-05,0.000733718,0.000156391,0.000139791,0.000144165,0.000112545,0.000106162,0.000886226,0.000376976,0.000240033,0.000344526,0.001653632,0.000577223
OTU_1183,0.8447,0.75,0.796,0.008,Yes,Bacteria,Marinimicrobia (SAR406 clade),Marinimicrobia (SAR406 clade),,,,,,OTU_1183,2.79E-05,0,7.43E-06,0,0,8.94E-06,0,1.67E-05,0,0,0,0,4.24E-06,5.27E-06,5.09E-06,0,0,0,0,0,0,8.74E-06,0,1.25E-05,2.41E-05,2.79E-05,0,1.91E-05,3.82E-05,4.49E-05
OTU_1120,0.8065,1,0.898,0.001,Yes,Bacteria,Marinimicrobia (SAR406 clade),Marinimicrobia (SAR406 clade),,,,,,OTU_1120,3.72E-05,0,7.43E-06,0,0,0,0,8.37E-06,0,0,0,5.32E-06,0,0,5.09E-06,0,0,0,3.86E-05,1.68E-05,1.16E-05,0,5.63E-06,6.24E-06,5.30E-05,4.65E-06,2.32E-05,1.28E-05,6.00E-05,3.21E-05
OTU_1060,0.7104,1,0.843,0.008,Yes,Bacteria,Marinimicrobia (SAR406 clade),Marinimicrobia (SAR406 clade),,,,,,OTU_1060,2.79E-05,0,1.49E-05,0,0,0,0,0,0,0,0,0,0,2.11E-05,5.09E-06,4.68E-06,0,5.23E-06,0,5.59E-06,3.49E-05,8.74E-06,5.63E-06,1.25E-05,2.41E-05,4.65E-06,3.10E-05,1.91E-05,1.09E-05,6.41E-06
OTU_99,0.6092,1,0.781,0.035,No,Bacteria,Nitrospinae,Nitrospinae,Nitrospinia,Nitrospinales,Nitrospinaceae,LS-NOB,,OTU_99,0.000185794,0.000463976,0.000230348,0.000515579,0.000258331,0.000482897,0.000324623,0.000343188,0.000306942,0.000343247,0.000324166,0.000622377,0.000525206,0.000252891,0.000839464,0.000426118,0.000536434,0.000339953,0.000360423,0.000312781,6.99E-05,0.000310172,0.000236345,0.000568278,0.000120411,0.000269933,0.000123888,0.000293485,0.000174641,0.000166753
OTU_86,0.5805,1,0.762,0.004,No,Bacteria,Nitrospinae,Nitrospinae,Nitrospinia,Nitrospinales,Nitrospinaceae,Nitrospina,,OTU_86,0.006354161,0.006918208,0.009503712,0.006771783,0.00964663,0.007413369,0.01166838,0.006420129,0.009538801,0.006905324,0.012413635,0.007606828,0.006645545,0.003703801,0.006649572,0.010142539,0.008073875,0.010936021,0.00835409,0.009394601,0.008265137,0.006679627,0.00901489,0.007231489,0.004556357,0.004500437,0.007410046,0.00501477,0.005113708,0.004463856
OTU_514,0.6943,1,0.833,0.033,No,Bacteria,Nitrospinae,Nitrospinae,Nitrospinia,Nitrospinales,Nitrospinaceae,LS-NOB,uncultured delta proteobacterium,OTU_514,0.000204374,0.000149135,0.000304654,0.00019238,0.000319515,0.000116253,0.000811557,0.000167409,0.001101842,0.000282674,0.001379293,0.000175542,0.000114359,0.000200205,0.000132279,0.000777314,0.000224426,0.001093079,0.000810952,0.000452415,0.00045432,0.000179114,0.000399536,0.000137386,0.000110778,4.65E-05,0.000340692,0.000153123,0.000240131,0.000115445
OTU_267,0.8014,1,0.895,0.032,No,Bacteria,Nitrospinae,Nitrospinae,Nitrospinia,Nitrospinales,Nitrospinaceae,LS-NOB,uncultured delta proteobacterium,OTU_267,0.000157925,9.11E-05,0.000237779,0.000153904,0.000312717,0.000187793,0.000802539,0.000209261,0.002085629,0.00029277,0.003241656,0.000281931,0.000249896,0.00033192,0.000228945,0.001545262,0.000312007,0.002170468,0.004299331,0.000435659,0.000559164,0.000122321,0.000393909,0.000206079,0.000115595,8.38E-05,0.000511038,0.000140363,0.000141896,5.77E-05
OTU_644,0.6106,1,0.781,0.028,Yes,Bacteria,Nitrospinae,Nitrospinae,Nitrospinia,Nitrospinales,Nitrospinaceae,Nitrospina,,OTU_644,0.000139346,0.000289985,0.000245209,0.000146209,0.00022434,0.000196736,0.000144277,0.000108816,8.66E-05,0.000131242,8.26E-05,0.000159584,0.00019907,4.74E-05,0.000162805,9.37E-05,0.000125898,3.66E-05,7.72E-05,0.000150805,8.74E-05,0.000152902,0.000157564,0.000131141,0.000211924,0.000176853,0.000216804,0.000165883,0.000502093,0.000198821
OTU_1328,0.7522,1,0.867,0.001,No,Bacteria,PAUC34f,PAUC34f,uncultured marine bacterium,uncultured marine bacterium,uncultured marine bacterium,uncultured marine bacterium,uncultured marine bacterium,OTU_1328,7.43E-05,1.66E-05,8.17E-05,9.23E-05,7.48E-05,8.05E-05,9.92E-05,1.67E-05,0.000291201,0.000111051,0.000152549,7.98E-05,8.47E-05,0.000163326,0.000137367,0.000257544,8.76E-05,0.000235352,0.000450529,0.000189903,8.15E-05,8.30E-05,7.32E-05,3.12E-05,2.89E-05,3.72E-05,6.97E-05,3.19E-05,5.46E-05,2.57E-05
OTU_1343,0.69,1,0.831,0.005,Yes,Bacteria,PAUC34f,PAUC34f,,,,,,OTU_1343,0,0,4.46E-05,3.08E-05,2.04E-05,0,0,0,0,0,1.27E-05,0,4.24E-06,0,1.02E-05,0,0,0,6.44E-06,5.59E-06,1.16E-05,1.31E-05,1.13E-05,1.87E-05,2.89E-05,4.65E-06,1.55E-05,3.19E-05,5.46E-06,1.28E-05
OTU_945,0.9881,0.7273,0.848,0.047,No,Bacteria,Planctomycetes,Planctomycetes,Phycisphaerae,MSBL9,SM23-30,uncultured bacterium,uncultured bacterium,OTU_945,1.86E-05,0,0,7.70E-06,0,0,0,0,0.002243035,4.04E-05,4.45E-05,3.19E-05,8.47E-06,0.00011064,7.63E-05,0.00030437,2.74E-05,0.000282422,0.00162834,1.68E-05,2.33E-05,4.37E-06,5.63E-06,6.24E-06,4.82E-06,4.65E-06,0,0,0,0
OTU_714,0.8246,0.8636,0.844,0.017,No,Bacteria,Planctomycetes,Planctomycetes,Phycisphaerae,Phycisphaerales,Phycisphaeraceae,CL500-3,Ambiguous_taxa,OTU_714,9.29E-06,0,0.000104028,3.85E-05,1.36E-05,0,1.80E-05,0,7.08E-05,1.01E-05,5.72E-05,5.32E-06,1.27E-05,0.000189668,2.54E-05,3.75E-05,3.28E-05,2.62E-05,3.86E-05,1.68E-05,2.33E-05,4.37E-06,2.25E-05,1.25E-05,0,0,0,0,2.18E-05,0
OTU_632,0.6407,1,0.8,0.013,No,Bacteria,Planctomycetes,Planctomycetes,Phycisphaerae,Phycisphaerales,Phycisphaeraceae,FS140-16B-02 marine group,uncultured bacterium,OTU_632,6.50E-05,8.29E-05,0.000118889,0.000107733,0.00014956,5.37E-05,0.000189363,9.21E-05,0.000181017,0.00020191,0.000209754,9.04E-05,5.93E-05,0.000268697,0.00017298,0.000140478,0.000240848,5.75E-05,9.65E-05,0.000150805,0.000122317,0.000109216,0.000146309,0.000118651,0.000110778,5.12E-05,4.65E-05,4.47E-05,6.00E-05,2.57E-05
OTU_556,0.5991,1,0.774,0.028,No,Bacteria,Planctomycetes,Planctomycetes,Phycisphaerae,Phycisphaerales,Phycisphaeraceae,FS140-16B-02 marine group,uncultured bacterium,OTU_556,0.000139346,0.000190561,0.000163473,0.000130819,0.000142762,0.000152023,9.92E-05,7.53E-05,0.000204628,0.000252388,0.000158905,0.00019682,0.000101653,0.00029504,0.000213682,0.000135796,0.000164214,0.000141211,0.000418348,0.000122878,0.000128142,0.000117953,0.000129427,0.000137386,0.000178208,0.000144275,9.29E-05,0.000114842,4.37E-05,7.05E-05
OTU_533,0.6216,1,0.788,0.028,No,Bacteria,Planctomycetes,Planctomycetes,Phycisphaerae,Phycisphaerales,Phycisphaeraceae,JL-ETNP-F27,,OTU_533,0.000473775,0.000356267,0.000237779,0.000315504,0.000353506,0.000214621,0.000126242,5.86E-05,0.000369904,0.000222101,0.00053392,0.000234056,0.000118595,0.000590079,0.000203506,0.000346513,0.000208005,0.000235352,0.000463401,0.000234586,0.000401899,0.000200957,0.0001857,8.74E-05,0.000337151,0.000200123,0.000100659,0.000102082,0.000316537,0.000109031
OTU_506,0.5929,1,0.77,0.037,No,Bacteria,Planctomycetes,Planctomycetes,Phycisphaerae,Phycisphaerales,Phycisphaeraceae,JL-ETNP-F27,uncultured bacterium,OTU_506,0.000195084,8.29E-05,0.000163473,0.000107733,0.000163157,0.000107311,5.41E-05,6.70E-05,7.08E-05,9.09E-05,0.000152549,0.000106389,3.81E-05,0.000179131,0.000106841,0.000121748,7.66E-05,8.37E-05,0.000128722,6.70E-05,0.000110668,8.74E-05,7.88E-05,7.49E-05,0.000110778,6.05E-05,8.52E-05,5.10E-05,0.000109151,1.92E-05
OTU_227,0.6433,1,0.802,0.001,No,Bacteria,Planctomycetes,Planctomycetes,OM190,Ambiguous_taxa,Ambiguous_taxa,Ambiguous_taxa,Ambiguous_taxa,OTU_227,0.001486353,0.000994233,0.00115174,0.001739117,0.001937484,0.001842164,0.001181266,0.001615495,0.000928695,0.000928786,0.001226744,0.001010697,0.000686156,0.00121177,0.001256652,0.001133192,0.001258977,0.000946638,0.000283189,0.000798709,0.000681481,0.000926148,0.000821582,0.001055373,0.000337151,0.000712065,0.000580725,0.000612491,0.000480263,0.000487433
OTU_1387,0.8465,0.9091,0.877,0.012,No,Bacteria,Planctomycetes,Planctomycetes,Phycisphaerae,Phycisphaerales,Phycisphaeraceae,CL500-3,uncultured Phycisphaeraceae bacterium,OTU_1387,9.29E-06,1.66E-05,7.43E-06,7.70E-06,0,8.94E-06,3.61E-05,0,3.15E-05,1.01E-05,7.63E-05,5.85E-05,3.39E-05,0.000200205,8.65E-05,3.28E-05,5.47E-06,3.66E-05,3.86E-05,1.68E-05,4.08E-05,1.75E-05,1.69E-05,6.24E-06,4.82E-06,4.65E-06,0,1.28E-05,5.46E-06,0
OTU_816,0.7363,0.875,0.803,0.008,Yes,Bacteria,Planctomycetes,Planctomycetes,Planctomycetacia,Pirellulales,Pirellulaceae,Blastopirellula,,OTU_816,0,0,7.43E-06,1.54E-05,1.36E-05,8.94E-06,0,2.51E-05,0,2.02E-05,0,0,0,0,0,0,5.47E-06,0,0,1.12E-05,5.82E-06,8.74E-06,0,2.50E-05,3.37E-05,1.40E-05,1.55E-05,6.38E-06,1.64E-05,1.28E-05
OTU_692,0.6282,1,0.793,0.004,Yes,Bacteria,Planctomycetes,Planctomycetes,Planctomycetacia,Pirellulales,Pirellulaceae,uncultured,,OTU_692,0.000510934,0.000414264,0.000601877,0.000346284,0.000659424,0.000643863,0.000216415,0.000594301,0.000354163,0.000434107,0.000235179,0.000265973,0.000288016,0.000468902,0.000320523,0.000491674,0.000755386,0.000261502,0.000334678,0.000480342,0.000297056,0.000393176,0.000405164,0.000437137,0.000712834,0.000470056,0.000952388,0.000874076,0.001107879,0.000795285
OTU_532,0.6891,1,0.83,0.02,Yes,Bacteria,Planctomycetes,Planctomycetes,028H05-P-BN-P5,Ambiguous_taxa,Ambiguous_taxa,Ambiguous_taxa,Ambiguous_taxa,OTU_532,0.000287981,0.000356267,0.000170903,0.000407846,0.000203946,0.000223564,0.000117225,0.000159038,3.15E-05,0.00020191,7.63E-05,0.000420237,0.000131301,0.000100103,0.000167893,2.81E-05,0.000169688,1.05E-05,6.44E-06,0.000184317,3.49E-05,0.000336384,6.19E-05,0.000231058,0.000472012,0.000670179,0.000108402,0.000523169,0.000638531,0.000378402
OTU_512,0.7166,0.75,0.733,0.047,Yes,Bacteria,Planctomycetes,Planctomycetes,Pla3 lineage,uncultured bacterium,uncultured bacterium,uncultured bacterium,uncultured bacterium,OTU_512,9.29E-06,2.49E-05,0,7.70E-06,0,0,0,2.51E-05,0,0,6.36E-06,1.06E-05,0,0,5.09E-06,0,1.09E-05,0,0,0,0,4.37E-06,0,1.25E-05,1.93E-05,1.86E-05,0,6.38E-06,3.27E-05,6.41E-06
OTU_1321,0.8244,0.625,0.718,0.012,Yes,Bacteria,Planctomycetes,Planctomycetes,Planctomycetacia,Pirellulales,Pirellulaceae,Rhodopirellula,uncultured bacterium,OTU_1321,1.86E-05,0,0,7.70E-06,0,0,0,0,0,0,0,0,0,0,1.02E-05,0,0,0,0,0,0,4.37E-06,0,0,2.41E-05,4.65E-06,0,1.28E-05,2.18E-05,6.41E-06
OTU_1009,0.6541,1,0.809,0.017,Yes,Bacteria,Planctomycetes,Planctomycetes,Phycisphaerae,Phycisphaerales,Phycisphaeraceae,CL500-3,uncultured bacterium,OTU_1009,9.29E-06,3.31E-05,0,1.54E-05,3.40E-05,8.94E-06,9.02E-06,8.37E-06,0,4.04E-05,1.91E-05,1.06E-05,1.27E-05,2.63E-05,1.53E-05,0,0,1.57E-05,0,0,5.82E-06,1.75E-05,2.25E-05,1.87E-05,3.85E-05,2.33E-05,7.74E-06,2.55E-05,3.82E-05,1.92E-05
OTU_495,1,0.5455,0.739,0.03,No,Archaea,Thaumarchaeota,Thaumarchaeota,Nitrososphaeria,Nitrosopumilales,Nitrosopumilaceae,Candidatus Nitrosopumilus,,OTU_495,0,8.29E-06,7.43E-06,7.70E-06,0,8.94E-06,1.80E-05,8.37E-06,0,0,0,1.60E-05,4.24E-06,0,5.09E-06,4.68E-06,0,0,6.44E-06,0,1.75E-05,0,0,0,0,0,0,0,0,0
OTU_7,0.6823,1,0.826,0.01,Yes,Archaea,Thaumarchaeota,Thaumarchaeota,Nitrososphaeria,Nitrosopumilales,Nitrosopumilaceae,uncultured thaumarchaeote,uncultured thaumarchaeote,OTU_7,0.005443769,0.007556174,0.003306608,0.004663296,0.003208745,0.006241896,0.001650165,0.00491345,0.000747678,0.004966988,0.000432221,0.003755539,0.004388008,0.000516319,0.004049778,0.001048905,0.003848091,0.000428864,0.000270317,0.002496663,0.000809622,0.002878924,0.001716318,0.003659458,0.008187957,0.008102649,0.00258616,0.005518799,0.009632544,0.013410809
OTU_305,0.6366,1,0.798,0.018,Yes,Archaea,Thaumarchaeota,Thaumarchaeota,Nitrososphaeria,Nitrosopumilales,Nitrosopumilaceae,uncultured marine archaeon,uncultured marine archaeon,OTU_305,0.003297847,0.003363823,0.0017982,0.002431686,0.001991869,0.003407109,0.000820574,0.003013359,0.000582402,0.002574353,0.000355947,0.002175659,0.003418072,0.000252891,0.002681197,0.001002079,0.002786171,0.000496854,0.000566379,0.001452198,0.000623234,0.001729975,0.0014856,0.002728982,0.004012099,0.003309008,0.002377099,0.002009736,0.004726223,0.005355345
OTU_142,0.6271,1,0.792,0.014,Yes,Archaea,Thaumarchaeota,Thaumarchaeota,Nitrososphaeria,Nitrosopumilales,Nitrosopumilaceae,uncultured marine archaeon,uncultured marine archaeon,OTU_142,0.001783624,0.001673626,0.001040281,0.000969596,0.001114903,0.001609658,0.000495951,0.001414605,0.000354163,0.001433561,0.000235179,0.001149003,0.001342663,0.000242354,0.001200688,0.000618105,0.001423191,0.000397483,0.000148031,0.00089366,0.000425197,0.001266901,0.0007428,0.001423816,0.002090337,0.001926764,0.001045304,0.001556748,0.001708208,0.002488472
OTU_1376,0.682,1,0.826,0.005,Yes,Archaea,Thaumarchaeota,Thaumarchaeota,Nitrososphaeria,Nitrosopumilales,Nitrosopumilaceae,Candidatus Nitrosopelagicus,uncultured archaeon,OTU_1376,0.000678149,0.000364552,0.000445835,0.000269332,0.000326313,0.000250391,0.000207398,0.000242743,0.000212498,0.000312961,7.63E-05,0.000202139,0.00019907,1.05E-05,0.000203506,9.83E-05,0.00018611,5.75E-05,0.000418348,0.000167561,0.000203862,0.000104847,0.000320755,0.000274772,0.00071765,0.000460748,0.000766556,0.000216924,0.000769512,0.000557982
OTU_882,0.7293,1,0.854,0.027,No,Bacteria,Verrucomicrobia,Verrucomicrobia,Verrucomicrobiae,Opitutales,Puniceicoccaceae,MB11C04 marine group,Ambiguous_taxa,OTU_882,1.86E-05,8.29E-06,7.43E-06,3.08E-05,4.08E-05,3.58E-05,8.12E-05,1.67E-05,0.000196757,7.07E-05,0.000184329,6.38E-05,0.000135537,7.38E-05,5.60E-05,0.000313735,0.000175162,0.000230122,0.000186648,0.000117293,4.66E-05,1.75E-05,3.38E-05,1.87E-05,1.93E-05,3.26E-05,2.32E-05,1.28E-05,9.28E-05,5.13E-05
OTU_553,0.6115,1,0.782,0.049,Yes,Bacteria,Verrucomicrobia,Verrucomicrobia,Verrucomicrobiae,Opitutales,Puniceicoccaceae,MB11C04 marine group,,OTU_553,0,8.29E-06,1.49E-05,3.08E-05,6.80E-06,0,9.02E-06,8.37E-06,0,0,0,3.19E-05,8.47E-06,5.27E-06,5.09E-06,0,5.47E-06,0,0,5.59E-06,2.33E-05,4.37E-06,1.13E-05,6.24E-06,4.82E-06,9.31E-06,7.74E-06,3.19E-05,5.46E-06,1.92E-05
OTU_167,0.6383,1,0.799,0.029,Yes,Bacteria,Verrucomicrobia,Verrucomicrobia,Verrucomicrobiae,Arctic97B-4 marine group,,,,OTU_167,3.72E-05,2.49E-05,0,0,2.72E-05,8.94E-06,5.41E-05,0,1.57E-05,3.03E-05,2.54E-05,2.13E-05,1.27E-05,2.11E-05,3.05E-05,4.68E-06,0,5.23E-06,2.57E-05,5.59E-06,5.82E-06,3.93E-05,5.63E-06,3.75E-05,3.85E-05,2.79E-05,5.42E-05,4.47E-05,3.27E-05,1.28E-05
OTU_1165,0.6723,1,0.82,0.003,Yes,Bacteria,Verrucomicrobia,Verrucomicrobia,Verrucomicrobiae,Opitutales,Puniceicoccaceae,MB11C04 marine group,uncultured marine microorganism,OTU_1165,6.50E-05,7.46E-05,0.000141181,7.70E-05,7.48E-05,2.68E-05,9.02E-05,4.19E-05,6.30E-05,5.05E-05,4.45E-05,5.85E-05,8.47E-06,0.000100103,3.56E-05,4.21E-05,6.02E-05,3.14E-05,6.44E-06,6.70E-05,5.24E-05,3.93E-05,0.000129427,9.37E-05,9.63E-05,8.38E-05,0.000162603,9.57E-05,0.000169183,0.000102617