SampleID,CruiseOrder,BlobYear,Blobsample,BlobClus,SampleDepth,O2class,O2,minO2mass,nclass,NO2NO3,PressureCTD,tempCTD,salnCTD,SigmaTCTD,mdepth,Depths,MM,Months,YYYY,DD,HHMM,FluorSPCTD,FluorWLCTD,PO4,SiO4,MEI,zone,vst_cluster,vst,castmaxdepth,latitude,longitude,date:UTC,time:UTC
P26.2010.06.1000m,1,No,No,No,1000,Suboxic,17.6,17.6,High N,45.4,1001.2,2.8803,34.3842,27.4301,1000 m,1000,6,June,2010,13, 22:36,0.046,0.046,3.22,148.3,-0.211,OMZ,1,vst1,4319.3,50'00.01,144'59.86,13-Jun,22:35
P26.2010.06.100m,1,No,No,NS,125,Oxic,191.3,191.3,High N,27.5,125.9,5.3786,33.6708,26.6036,0125 m,125,6,June,2010,13, 22:36,0.053,0.053,2.05,45.8,-0.211,TRN,1,vst1,4319.3,50'00.01,144'59.86,13-Jun,22:35
P26.2010.06.10m,1,No,No,NS,10,Oxic,304.1,304.1,Low N,12,11,7.2889,32.7099,25.6018,0010 m,10,6,June,2010,13, 22:36,0.678,0.678,1.17,17.2,-0.211,SRF,2,vst2,4319.3,50'00.01,144'59.86,13-Jun,22:35
P26.2010.06.1250m,1,No,No,No,1250,Suboxic,19.6,19.6,High N,45.5,1250.7,2.549,34.4559,27.5164,1250 m,1250,6,June,2010,13, 22:36,0.044,0.044,3.26,160.4,-0.211,OMZ,1,vst1,4319.3,50'00.01,144'59.86,13-Jun,22:35
P26.2010.06.1500m,1,No,No,No,1500,Dysoxic,29.6,29.6,High N,45.3,1500.9,2.2839,34.5111,27.5828,1500 m,1500,6,June,2010,13, 22:36,0.044,0.044,3.2,167.2,-0.211,OMZ,1,vst1,4319.3,50'00.01,144'59.86,13-Jun,22:35
P26.2010.06.150m,1,No,No,NLS,150,Oxic,162.4,162.4,Medium N,32,151.2,4.7586,33.7352,26.7254,0150 m,150,6,June,2010,13, 22:36,0.048,0.048,2.36,56.4,-0.211,TRN,1,vst1,4319.3,50'00.01,144'59.86,13-Jun,22:35
P26.2010.06.2000m,1,No,No,No,2000,Dysoxic,59.5,59.5,High N,43.3,1999.9,1.9185,34.5873,27.6732,2000 m,2000,6,June,2010,13, 22:36,0.041,0.041,3.07,174.3,-0.211,OMZ,1,vst1,4319.3,50'00.01,144'59.86,13-Jun,22:35
P26.2010.06.200m,1,No,No,NLS,200,Oxic,113.1,113.1,Medium N,37.1,200.5,4.2178,33.7965,26.8321,0200 m,200,6,June,2010,13, 22:36,0.044,0.044,2.7,70.8,-0.211,TRN,1,vst1,4319.3,50'00.01,144'59.86,13-Jun,22:35
P26.2010.06.25m,1,No,No,NS,25,Oxic,304,304,Low N,12,26.1,7.2632,32.7096,25.6051,0025 m,25,6,June,2010,13, 22:36,0.955,0.955,1.16,17.3,-0.211,SRF,2,vst2,4319.3,50'00.01,144'59.86,13-Jun,22:35
P26.2010.06.3000m,1,No,No,No,3000,Oxic,111.5,111.5,Medium N,39.8,2999,1.5651,34.6572,27.756,3000 m,3000,6,June,2010,13, 22:36,0.037,0.037,2.82,173.1,-0.211,BOT,3,vst3,4319.3,50'00.01,144'59.86,13-Jun,22:35
P26.2010.06.300m,1,No,No,No,300,Dysoxic,57.6,57.6,High N,41.6,301.1,4.0259,33.9401,26.9661,0300 m,300,6,June,2010,13, 22:36,0.047,0.047,3.07,87.9,-0.211,TRN,1,vst1,4319.3,50'00.01,144'59.86,13-Jun,22:35
P26.2010.06.4000m,1,No,No,No,4000,Oxic,136.7,136.7,Medium N,38.2,4000.5,1.5002,34.6803,27.7793,4000 m,4000,6,June,2010,13, 22:36,0.034,0.034,2.68,171.8,-0.211,BOT,3,vst3,4319.3,50'00.01,144'59.86,13-Jun,22:35
P26.2010.06.400m,1,No,No,No,400,Dysoxic,36.6,36.6,High N,43,400.3,3.9422,34.0597,27.0698,0400 m,400,6,June,2010,13, 22:36,0.046,0.046,3.11,102.9,-0.211,TRN,1,vst1,4319.3,50'00.01,144'59.86,13-Jun,22:35
P26.2010.06.50m,1,No,No,NS,50,Oxic,302.7,302.7,Low N,12.1,51,7.1811,32.7097,25.6164,0050 m,50,6,June,2010,13, 22:36,1.005,1.005,1.18,17.2,-0.211,SRF,2,vst2,4319.3,50'00.01,144'59.86,13-Jun,22:35
P26.2010.06.600m,1,No,No,No,600,Dysoxic,22.6,22.6,High N,44.5,600.6,3.5535,34.2066,27.2255,0600 m,600,6,June,2010,13, 22:36,0.046,0.046,3.19,122.3,-0.211,OMZ,1,vst1,4319.3,50'00.01,144'59.86,13-Jun,22:35
P26.2010.06.800m,1,No,No,No,800,Suboxic,19.9,19.9,High N,45,799.8,3.1755,34.3093,27.3433,0800 m,800,6,June,2010,13, 22:36,0.046,0.046,3.24,136.9,-0.211,OMZ,1,vst1,4319.3,50'00.01,144'59.86,13-Jun,22:35
P26.2010.08.1000m,2,No,No,No,1000,Suboxic,15,15,High N,45.1,1000.2,2.8804,34.3848,27.4305,1000 m,1000,8,August,2010,26, 23:30,0.073,0.073,3.23,145.9,-1.662,OMZ,1,vst1,4318.7,50'00.1,144'59.96,26-Aug,20:30
P26.2010.08.100m,2,No,No,NS,100,Oxic,268.1,268.1,Low N,18.5,101.2,5.4203,33.0317,26.0928,0100 m,100,8,August,2010,26, 23:30,0.162,0.162,1.56,26.9,-1.662,SRF,4,vst4,4318.7,50'00.1,144'59.96,26-Aug,20:30
P26.2010.08.10m,2,No,No,NS,10,Oxic,262.6,262.6,Low N,8.2,11.1,13.5757,32.5993,24.4453,0010 m,10,8,August,2010,26, 23:30,2.075,2.075,0.93,13.4,-1.662,SRF,2,vst2,4318.7,50'00.1,144'59.96,26-Aug,20:30
P26.2010.08.1250m,2,No,No,No,1250,Suboxic,18,18,High N,44.7,1251.2,2.5515,34.4536,27.5143,1250 m,1250,8,August,2010,26, 23:30,0.073,0.073,3.24,157.2,-1.662,OMZ,1,vst1,4318.7,50'00.1,144'59.96,26-Aug,20:30
P26.2010.08.1500m,2,No,No,No,1500,Dysoxic,28.1,28.1,High N,44.4,1500.1,2.2748,34.5123,27.5845,1500 m,1500,8,August,2010,26, 23:30,0.073,0.073,3.2,164.7,-1.662,OMZ,1,vst1,4318.7,50'00.1,144'59.96,26-Aug,20:30
P26.2010.08.150m,2,No,No,NLS,150,Oxic,157.3,157.3,Medium N,31.9,151.5,4.6083,33.7275,26.7357,0150 m,150,8,August,2010,26, 23:30,0.078,0.078,2.38,57.9,-1.662,TRN,1,vst1,4318.7,50'00.1,144'59.96,26-Aug,20:30
P26.2010.08.2000m,2,No,No,No,2000,Dysoxic,57.3,57.3,High N,42.9,2001.1,1.92,34.5865,27.6724,2000 m,2000,8,August,2010,26, 23:30,0.073,0.073,3.08,171.1,-1.662,OMZ,1,vst1,4318.7,50'00.1,144'59.96,26-Aug,20:30
P26.2010.08.200m,2,No,No,NLS,200,Oxic,129.1,129.1,Medium N,35.4,202.4,4.2441,33.7635,26.8032,0200 m,200,8,August,2010,26, 23:30,0.073,0.073,2.57,67.2,-1.662,TRN,1,vst1,4318.7,50'00.1,144'59.96,26-Aug,20:30
P26.2010.08.25m,2,No,No,NS,25,Oxic,296.2,296.2,Low N,8.1,25.7,11.5681,32.6532,24.8727,0025 m,25,8,August,2010,26, 23:30,2.435,2.435,0.94,13,-1.662,SRF,2,vst2,4318.7,50'00.1,144'59.96,26-Aug,20:30
P26.2010.08.3000m,2,No,No,No,3000,Oxic,109.5,NaN,Medium N,39.3,3000.1,1.5716,34.6565,27.755,3000 m,3000,8,August,2010,26, 23:30,0.008,0.008,2.79,170.4,-1.662,BOT,3,vst3,4318.7,50'00.1,144'59.96,26-Aug,20:30
P26.2010.08.300m,2,No,No,No,300,Hypoxic,74.4,74.4,High N,40.4,300.2,3.9802,33.8846,26.9267,0300 m,300,8,August,2010,26, 23:30,0.073,0.073,2.92,84.4,-1.662,TRN,1,vst1,4318.7,50'00.1,144'59.96,26-Aug,20:30
P26.2010.08.4000m,2,No,No,No,4000,Oxic,137.04,NaN,Medium N,37.5,4001,1.4989,34.6813,27.7802,4000 m,4000,8,August,2010,26, 23:30,0.028,0.028,2.65,167.8,-1.662,BOT,3,vst3,4318.7,50'00.1,144'59.96,26-Aug,20:30
P26.2010.08.400m.2,2,No,No,No,400,Dysoxic,37.3,37.3,High N,43.3,399.8,3.8685,34.01,27.0377,0400 m,400,8,August,2010,26, 23:30,0.073,0.073,3.14,98.9,-1.662,TRN,1,vst1,4318.7,50'00.1,144'59.96,26-Aug,20:30
P26.2010.08.50m,2,No,No,NS,50,Oxic,295.2,295.2,Low N,11.5,51.2,7.6752,32.72,25.556,0050 m,50,8,August,2010,26, 23:30,1.651,1.651,1.2,16.8,-1.662,SRF,2,vst2,4318.7,50'00.1,144'59.96,26-Aug,20:30
P26.2010.08.600m,2,No,No,No,600,Dysoxic,20.1,20.1,High N,41.4,600.8,3.5495,34.2047,27.2243,0600 m,600,8,August,2010,26, 23:30,0.073,0.073,3.06,120.6,-1.662,OMZ,1,vst1,4318.7,50'00.1,144'59.96,26-Aug,20:30
P26.2010.08.800m,2,No,No,No,800,Suboxic,18.3,18.3,High N,44.5,801.4,3.1771,34.3058,27.3404,0800 m,800,8,August,2010,26, 23:30,0.073,0.073,3.22,134.6,-1.662,OMZ,1,vst1,4318.7,50'00.1,144'59.96,26-Aug,20:30
P26.2010.08.B.10m,2,No,No,No,4318,Oxic,139.15,NaN,Medium N,37.6,4318.3,1.5191,34.6845,27.7813,B-10 m,B-10,8,August,2010,26, 23:30,0.029,0.029,2.64,172.8,-1.662,BOT,3,vst3,4318.7,50'00.1,144'59.96,26-Aug,20:30
P26.2011.02.1000m,3,No,No,No,1000,Suboxic,17.2,17.2,High N,45,1000.4,2.8408,34.3915,27.4394,1000 m,1000,2,February,2011,15, 23:33,0.026,0.026,3.26,147.5,-1.563,OMZ,1,vst1,4310.8,49'59.77,144'59.79,15-Feb,23:33
P26.2011.02.100m,3,No,No,NS,100,Oxic,269,269,Low N,16.5,98.9,5.598,32.8758,25.9486,0100 m,100,2,February,2011,15, 23:33,0.554,0.554,1.45,23.6,-1.563,SRF,4,vst4,4310.8,49'59.77,144'59.79,15-Feb,23:33
P26.2011.02.10m,3,No,No,NS,10,Oxic,304.3,304.3,Low N,13.9,9.6,5.6376,32.6576,25.7714,0010 m,10,2,February,2011,15, 23:33,1.719,1.719,1.31,19.4,-1.563,SRF,4,vst4,4310.8,49'59.77,144'59.79,15-Feb,23:33
P26.2011.02.1250m,3,No,No,No,1250,Suboxic,18.8,18.8,High N,45.3,1250.2,2.5485,34.4558,27.5163,1250 m,1250,2,February,2011,15, 23:33,0.029,0.029,3.28,157.7,-1.563,OMZ,1,vst1,4310.8,49'59.77,144'59.79,15-Feb,23:33
P26.2011.02.2000m,3,No,No,No,2000,Hypoxic,60.1,60.1,Low N,43,2000,1.8968,34.5912,27.678,2000 m,2000,2,February,2011,15, 23:33,0.024,0.024,3.08,172,-1.563,OMZ,1,vst1,4310.8,49'59.77,144'59.79,15-Feb,23:33
P26.2011.02.25m,3,No,No,NS,25,Oxic,304,304,Low N,14,23.9,5.6431,32.6584,25.7714,0025 m,25,2,February,2011,15, 23:33,1.689,1.689,1.31,19.5,-1.563,SRF,4,vst4,4310.8,49'59.77,144'59.79,15-Feb,23:33
P26.2011.02.300m,3,No,No,No,300,Dysoxic,50.9,50.9,High N,42.6,301,3.9721,33.943,26.9739,0300 m,300,2,February,2011,15, 23:33,0.046,0.046,3.04,90.9,-1.563,TRN,1,vst1,4310.8,49'59.77,144'59.79,15-Feb,23:33
P26.2011.02.400m,3,No,No,No,400,Dysoxic,34.8,34.8,High N,43.4,401.2,3.8554,34.0681,27.0853,0400 m,400,2,February,2011,15, 23:33,0.024,0.024,3.13,103.9,-1.563,TRN,1,vst1,4310.8,49'59.77,144'59.79,15-Feb,23:33
P26.2011.02.50m,3,No,No,NS,50,Oxic,303.6,303.6,Low N,14,49.2,5.6431,32.6607,25.7732,0050 m,50,2,February,2011,15, 23:33,1.692,1.692,1.31,19.5,-1.563,SRF,4,vst4,4310.8,49'59.77,144'59.79,15-Feb,23:33
P26.2011.02.600m,3,No,No,No,600,Dysoxic,20.4,20.4,High N,45,601.6,3.4523,34.2327,27.2561,0600 m,600,2,February,2011,15, 23:33,0.024,0.024,3.23,124.7,-1.563,OMZ,1,vst1,4310.8,49'59.77,144'59.79,15-Feb,23:33
P26.2011.02.800m,3,No,No,No,800,Suboxic,19,19,High N,45.1,801.4,3.1389,34.3159,27.352,0800 m,800,2,February,2011,15, 23:33,0.024,0.024,3.28,136.4,-1.563,OMZ,1,vst1,4310.8,49'59.77,144'59.79,15-Feb,23:33
P26.2011.06.1000m,4,No,No,No,1000,Suboxic,17.3,17.3,High N,45.6,1001.6,2.8855,34.3811,27.4271,1000 m,1000,6,June,2011,12, 15:21,0.041,0.041,3.2,145.5,0.016,OMZ,1,vst1,4318.9,49'59.92,144'59.99,12-Jun,15:21
P26.2011.06.100m,4,No,No,NS,100,Oxic,306.4,306.4,High N,17.8,99.6,4.9262,32.7878,25.9556,0100 m,100,6,June,2011,12, 15:21,0.235,0.235,1.57,26.6,0.016,SRF,4,vst4,4318.9,49'59.92,144'59.99,12-Jun,15:21
P26.2011.06.10m,4,No,No,NS,10,Oxic,305.3,305.3,Low N,12.8,10.1,7.8553,32.6856,25.5033,0010 m,10,6,June,2011,12, 15:21,0.905,0.905,1.25,20.1,0.016,SRF,2,vst2,4318.9,49'59.92,144'59.99,12-Jun,15:21
P26.2011.06.1250m,4,No,No,No,1250,Suboxic,17.8,17.8,Medium N,45.9,1249.2,2.5597,34.453,27.5131,1250 m,1250,6,June,2011,12, 15:21,0.034,0.034,3.24,156.8,0.016,OMZ,1,vst1,4318.9,49'59.92,144'59.99,12-Jun,15:21
P26.2011.06.1500m,4,No,No,No,1500,Dysoxic,26.3,26.3,Medium N,45.5,1499.7,2.3026,34.5074,27.5783,1500 m,1500,6,June,2011,12, 15:21,0.038,0.038,3.22,164.2,0.016,OMZ,1,vst1,4318.9,49'59.92,144'59.99,12-Jun,15:21
P26.2011.06.150m,4,No,No,NLS,150,Oxic,144.1,144.1,High N,34.3,149.4,4.5242,33.7219,26.7404,0150 m,150,6,June,2011,12, 15:21,0.075,0.075,2.47,60,0.016,TRN,1,vst1,4318.9,49'59.92,144'59.99,12-Jun,15:21
P26.2011.06.2000m,4,No,No,No,2000,Dysoxic,57.4,57.4,Medium N,42.6,1999.5,1.9214,34.5867,27.6724,2000 m,2000,6,June,2011,12, 15:21,0.028,0.028,3.03,171.7,0.016,OMZ,1,vst1,4318.9,49'59.92,144'59.99,12-Jun,15:21
P26.2011.06.200m,4,No,No,NLS,200,Oxic,117.6,117.6,High N,36.9,200.1,4.1723,33.7763,26.8208,0200 m,200,6,June,2011,12, 15:21,0.058,0.058,2.65,70,0.016,TRN,1,vst1,4318.9,49'59.92,144'59.99,12-Jun,15:21
P26.2011.06.25m,4,No,No,NS,25,Oxic,305.7,305.7,Medium N,12.9,24.8,7.8424,32.6853,25.5049,0025 m,25,6,June,2011,12, 15:21,1.182,1.182,1.26,20.2,0.016,SRF,2,vst2,4318.9,49'59.92,144'59.99,12-Jun,15:21
P26.2011.06.3000m,4,No,No,No,3000,Oxic,110,110,Low N,39.7,2999.7,1.5671,34.6571,27.7558,3000 m,3000,6,June,2011,12, 15:21,0.028,0.028,2.81,170.8,0.016,BOT,3,vst3,4318.9,49'59.92,144'59.99,12-Jun,15:21
P26.2011.06.300m,4,No,No,No,300,Hypoxic,69.5,69.5,High N,40.7,299.7,4.0205,33.928,26.9571,0300 m,300,6,June,2011,12, 15:21,0.039,0.039,2.91,86.2,0.016,TRN,1,vst1,4318.9,49'59.92,144'59.99,12-Jun,15:21
P26.2011.06.4000m,4,No,No,No,4000,Oxic,135.6,135.6,Low N,37.7,4001.1,1.496,34.6818,27.7808,4000 m,4000,6,June,2011,12, 15:21,0.01,0.01,2.65,168.6,0.016,BOT,3,vst3,4318.9,49'59.92,144'59.99,12-Jun,15:21
P26.2011.06.400m,4,No,No,No,400,Dysoxic,47.3,47.3,High N,42.4,400.1,3.9474,34.0544,27.0651,0400 m,400,6,June,2011,12, 15:21,0.045,0.045,3,99.6,0.016,TRN,1,vst1,4318.9,49'59.92,144'59.99,12-Jun,15:21
P26.2011.06.50m,4,No,No,NS,50,Oxic,311,311,Medium N,16.9,49,6.8453,32.6946,25.6495,0050 m,50,6,June,2011,12, 15:21,2.301,2.301,1.53,25.4,0.016,SRF,2,vst2,4318.9,49'59.92,144'59.99,12-Jun,15:21
P26.2011.06.600m,4,No,No,No,600,Dysoxic,23.7,23.7,High N,44,600.5,3.5594,34.2102,27.2278,0600 m,600,6,June,2011,12, 15:21,0.031,0.031,3.17,120.8,0.016,OMZ,1,vst1,4318.9,49'59.92,144'59.99,12-Jun,15:21
P26.2011.06.800m,4,No,No,No,800,Dysoxic,20.8,20.8,High N,45.1,800.3,3.1943,34.3057,27.3387,0800 m,800,6,June,2011,12, 15:21,0.041,0.041,3.21,134.3,0.016,OMZ,1,vst1,4318.9,49'59.92,144'59.99,12-Jun,15:21
P26.2011.06.B.10m,4,No,No,No,4317,Oxic,136.3,136.3,Low N,37.6,4317.5,1.5212,34.6842,27.7809,B-10 m,B-10,6,June,2011,12, 15:21,0.013,0.013,2.64,172.6,0.016,BOT,3,vst3,4318.9,49'59.92,144'59.99,12-Jun,15:21
P26.2011.08.1000m,5,No,No,No,1000,Dysoxic,21,21,High N,45.1,999.8,2.8818,34.3789,27.4257,1000 m,1000,8,August,2011,26, 16:23,0.038,0.039,3.26,146.7,-0.502,OMZ,1,vst1,4317.1,49'59.98,144'59.99,26-Aug,16:22
P26.2011.08.100m,5,No,No,NS,100,Oxic,305.7,305.7,High N,20.9,101.1,4.3344,32.8112,26.0372,0100 m,100,8,August,2011,26, 16:23,0.338,0.339,1.75,32.5,-0.502,SRF,4,vst4,4317.1,49'59.98,144'59.99,26-Aug,16:22
P26.2011.08.10m,5,No,No,NS,10,Oxic,272.4,272.4,Medium N,11.6,10.9,12.9574,32.5158,24.5036,0010 m,10,8,August,2011,26, 16:23,1.622,1.623,1.16,16,-0.502,SRF,2,vst2,4317.1,49'59.98,144'59.99,26-Aug,16:22
P26.2011.08.1250m,5,No,No,No,1250,Suboxic,19.6,19.6,Medium N,45.4,1250.4,2.5776,34.4478,27.5074,1250 m,1250,8,August,2011,26, 16:23,0.029,0.03,3.28,158.2,-0.502,OMZ,1,vst1,4317.1,49'59.98,144'59.99,26-Aug,16:22
P26.2011.08.1500m,5,No,No,No,1500,Dysoxic,26.8,26.8,Medium N,45.2,1499.3,2.3016,34.507,27.5781,1500 m,1500,8,August,2011,26, 16:23,0.031,0.032,3.24,165.7,-0.502,OMZ,1,vst1,4317.1,49'59.98,144'59.99,26-Aug,16:22
P26.2011.08.150m,5,No,No,NLS,150,Oxic,152.1,152.1,High N,33.9,149.5,4.3397,33.6796,26.7265,0150 m,150,8,August,2011,26, 16:23,0.096,0.097,2.49,61,-0.502,TRN,1,vst1,4317.1,49'59.98,144'59.99,26-Aug,16:22
P26.2011.08.2000m,5,No,No,No,2000,Dysoxic,57.8,57.8,Medium N,43.1,1999.5,1.9235,34.586,27.6717,2000 m,2000,8,August,2011,26, 16:23,0.029,0.03,3.09,170.6,-0.502,OMZ,1,vst1,4317.1,49'59.98,144'59.99,26-Aug,16:22
P26.2011.08.200m,5,No,No,NLS,200,Oxic,114.2,114.2,High N,38,201.2,4.006,33.7725,26.8349,0200 m,200,8,August,2011,26, 16:23,0.051,0.052,2.75,73,-0.502,TRN,1,vst1,4317.1,49'59.98,144'59.99,26-Aug,16:22
P26.2011.08.25m,5,No,No,NS,25,Oxic,272.6,272.6,Medium N,11.7,24.9,12.9302,32.5158,24.5089,0025 m,25,8,August,2011,26, 16:23,2.036,2.037,1.17,15.9,-0.502,SRF,2,vst2,4317.1,49'59.98,144'59.99,26-Aug,16:22
P26.2011.08.3000m,5,No,No,No,3000,Oxic,110.8,110.8,Low N,39.7,3000.1,1.5678,34.6568,27.7555,3000 m,3000,8,August,2011,26, 16:23,0.019,0.02,2.83,170.9,-0.502,BOT,3,vst3,4317.1,49'59.98,144'59.99,26-Aug,16:22
P26.2011.08.300m,5,No,No,No,300,Hypoxic,68.4,68.4,High N,41.9,301.5,3.9621,33.9162,26.9536,0300 m,300,8,August,2011,26, 16:23,0.038,0.039,2.97,87.8,-0.502,TRN,1,vst1,4317.1,49'59.98,144'59.99,26-Aug,16:22
P26.2011.08.4000m,5,No,No,No,4000,Oxic,136.6,136.6,Low N,37.8,3998,1.4995,34.6809,27.7799,4000 m,4000,8,August,2011,26, 16:23,0.006,0.007,2.69,168.6,-0.502,BOT,3,vst3,4317.1,49'59.98,144'59.99,26-Aug,16:22
P26.2011.08.400m,5,No,No,No,400,Dysoxic,46.6,46.6,High N,43.2,400.4,3.9113,34.0324,27.0512,0400 m,400,8,August,2011,26, 16:23,0.036,0.037,3.1,100,-0.502,TRN,1,vst1,4317.1,49'59.98,144'59.99,26-Aug,16:22
P26.2011.08.50m,5,No,No,NS,50,Oxic,316.8,316.8,Medium N,17,49.3,6.3145,32.7499,25.7616,0050 m,50,8,August,2011,26, 16:23,2.314,2.315,1.55,27,-0.502,SRF,2,vst2,4317.1,49'59.98,144'59.99,26-Aug,16:22
P26.2011.08.600m,5,No,No,No,600,Dysoxic,27.3,27.3,High N,44.3,600.5,3.6097,34.1973,27.2126,0600 m,600,8,August,2011,26, 16:23,0.044,0.045,3.19,119.3,-0.502,OMZ,1,vst1,4317.1,49'59.98,144'59.99,26-Aug,16:22
P26.2011.08.800m,5,No,No,No,800,Dysoxic,22.9,22.9,High N,45,800.3,3.2,34.3066,27.3389,0800 m,800,8,August,2011,26, 16:23,0.046,0.047,3.24,135.4,-0.502,OMZ,1,vst1,4317.1,49'59.98,144'59.99,26-Aug,16:22
P26.2011.08.B.10m,5,No,No,No,4316,Oxic,138.2,138.2,Low N,37.8,4316,1.5201,34.6841,27.7809,B-10 m,B-10,8,August,2011,26, 16:23,0.014,0.015,2.69,172.9,-0.502,BOT,3,vst3,4317.1,49'59.98,144'59.99,26-Aug,16:22
P26.2012.02.1000m,6,No,No,No,1000,Suboxic,19.7,19.7,High N,46,999.1,2.9184,34.3756,27.4198,1000 m,1000,2,February,2012,15, 19:51,0.113,0.113,3.24,154.6,-0.695,OMZ,1,vst1,4315.8,50'00.03,145'00.02,15-Feb,19:20
P26.2012.02.100m,6,No,No,NS,100,Oxic,211.2,211.2,High N,28,100.1,5.4977,32.6898,25.8133,0100 m,100,2,February,2012,15, 19:51,0.146,0.146,2.12,45.8,-0.695,SRF,4,vst4,4315.8,50'00.03,145'00.02,15-Feb,19:20
P26.2012.02.10m,6,No,No,NS,10,Oxic,305,305,Low N,16.9,9.9,5.5193,32.6847,25.8067,0010 m,10,2,February,2012,15, 19:51,0.983,0.983,1.51,27.3,-0.695,SRF,4,vst4,4315.8,50'00.03,145'00.02,15-Feb,19:20
P26.2012.02.1250m,6,No,No,No,1250,Dysoxic,20.2,20.2,Medium N,45.5,1250,2.569,34.4495,27.5095,1250 m,1250,2,February,2012,15, 19:51,0.108,0.108,3.22,162,-0.695,OMZ,1,vst1,4315.8,50'00.03,145'00.02,15-Feb,19:20
P26.2012.02.1500m,6,No,No,No,1500,Dysoxic,23.8,23.8,Medium N,43.5,1503.6,2.3229,34.5038,27.5737,1500 m,1500,2,February,2012,15, 19:51,0.1,0.1,3.07,169.6,-0.695,OMZ,1,vst1,4315.8,50'00.03,145'00.02,15-Feb,19:20
P26.2012.02.150m,6,No,No,NLS,150,Oxic,145.6,145.6,High N,34.5,150.9,4.638,33.4308,26.497,0150 m,150,2,February,2012,15, 19:51,0.129,0.129,2.5,64.3,-0.695,TRN,1,vst1,4315.8,50'00.03,145'00.02,15-Feb,19:20
P26.2012.02.2000m,6,No,No,No,2000,Dysoxic,53.7,53.7,Low N,40.2,2002.5,1.9513,34.5815,27.6659,2000 m,2000,2,February,2012,15, 19:51,0.096,0.096,2.81,169.5,-0.695,OMZ,1,vst1,4315.8,50'00.03,145'00.02,15-Feb,19:20
P26.2012.02.200m,6,No,No,NLS,200,Hypoxic,88.9,88.9,High N,39.9,199.7,4.3131,33.7274,26.7673,0200 m,200,2,February,2012,15, 19:51,0.117,0.117,2.87,82.9,-0.695,TRN,1,vst1,4315.8,50'00.03,145'00.02,15-Feb,19:20
P26.2012.02.25m,6,No,No,NS,25,Oxic,304.5,304.5,Medium N,17,24.8,5.5011,32.685,25.8091,0025 m,25,2,February,2012,15, 19:51,1.104,1.104,1.5,27.3,-0.695,SRF,4,vst4,4315.8,50'00.03,145'00.02,15-Feb,19:20
P26.2012.02.3000m,6,No,No,No,3000,Oxic,107.5,107.5,Low N,38.4,2998.6,1.5899,34.6531,27.7509,3000 m,3000,2,February,2012,15, 19:51,0.096,0.096,2.7,167.3,-0.695,BOT,3,vst3,4315.8,50'00.03,145'00.02,15-Feb,19:20
P26.2012.02.300m,6,No,No,No,300,Dysoxic,58.1,58.1,High N,42.1,301.9,3.9539,33.8593,26.9092,0300 m,300,2,February,2012,15, 19:51,0.108,0.108,3.04,94.3,-0.695,TRN,1,vst1,4315.8,50'00.03,145'00.02,15-Feb,19:20
P26.2012.02.4000m,6,No,No,No,4000,Oxic,135.4,135.4,High N,38.4,3999.8,1.5079,34.6793,27.778,4000 m,4000,2,February,2012,15, 19:51,0.096,0.096,2.7,167.3,-0.695,BOT,3,vst3,4315.8,50'00.03,145'00.02,15-Feb,19:20
P26.2012.02.400m,6,No,No,No,400,Dysoxic,31.3,31.3,High N,43.9,401.6,3.9458,33.9948,27.0178,0400 m,400,2,February,2012,15, 19:51,0.113,0.113,3.1,114,-0.695,TRN,1,vst1,4315.8,50'00.03,145'00.02,15-Feb,19:20
P26.2012.02.50m,6,No,No,NS,50,Oxic,303.9,303.9,Medium N,16.9,51.6,5.4965,32.6879,25.8119,0050 m,50,2,February,2012,15, 19:51,1,1,1.51,27.3,-0.695,SRF,4,vst4,4315.8,50'00.03,145'00.02,15-Feb,19:20
P26.2012.02.600m,6,No,No,No,600,Dysoxic,20.2,20.2,High N,44.9,599.5,3.718,34.1799,27.188,0600 m,600,2,February,2012,15, 19:51,0.108,0.108,3.22,131.4,-0.695,OMZ,1,vst1,4315.8,50'00.03,145'00.02,15-Feb,19:20
P26.2012.02.800m,6,No,No,No,800,Suboxic,19.7,19.7,High N,45.7,801.3,3.2425,34.3041,27.3329,0800 m,800,2,February,2012,15, 19:51,0.108,0.108,3.27,142.3,-0.695,OMZ,1,vst1,4315.8,50'00.03,145'00.02,15-Feb,19:20
P26.2012.06.1000m,7,No,No,No,1000,Dysoxic,21.9,21.9,High N,44.2,1000.8,2.8921,34.382,27.4272,1000 m,1000,6,June,2012,2, 00:17,0.03,0.144,3.23,143.1,0.866,OMZ,1,vst1,4317.6,50'00.03,144'59.90,02-Jun,0:17
P26.2012.06.100m,7,No,No,NS,100,Oxic,308.4,308.4,High N,17.4,101.3,4.7794,32.7431,25.9362,0100 m,100,6,June,2012,2, 00:17,0.158,0.357,1.57,28.6,0.866,SRF,4,vst4,4317.6,50'00.03,144'59.90,02-Jun,0:17
P26.2012.06.10m,7,No,No,NS,10,Oxic,312.8,312.8,Low N,15.7,11.9,6.379,32.7085,25.7208,0010 m,10,6,June,2012,2, 00:17,0.795,1.608,1.44,27.3,0.866,SRF,2,vst2,4317.6,50'00.03,144'59.90,02-Jun,0:17
P26.2012.06.1250m,7,No,No,No,1250,Dysoxic,21.6,21.6,Medium N,44.5,1250.9,2.5845,34.4474,27.5065,1250 m,1250,6,June,2012,2, 00:17,0.028,0.148,3.25,154.3,0.866,OMZ,1,vst1,4317.6,50'00.03,144'59.90,02-Jun,0:17
P26.2012.06.1500m,7,No,No,No,1500,Dysoxic,22.2,22.2,Medium N,45,1501.2,2.3245,34.5066,27.5758,1500 m,1500,6,June,2012,2, 00:17,0.026,0.146,3.24,162.5,0.866,OMZ,1,vst1,4317.6,50'00.03,144'59.90,02-Jun,0:17
P26.2012.06.150m,7,No,No,NLS,150,Oxic,211.5,211.5,High N,27.9,151.9,4.5036,33.449,26.5259,0150 m,150,6,June,2012,2, 00:17,0.04,0.148,2.13,46.7,0.866,TRN,1,vst1,4317.6,50'00.03,144'59.90,02-Jun,0:17
P26.2012.06.2000m,7,No,No,No,2000,Dysoxic,55.5,55.5,Low N,43,2002.3,1.9274,34.588,27.673,2000 m,2000,6,June,2012,2, 00:17,0.024,0.134,3.1,171.1,0.866,OMZ,1,vst1,4317.6,50'00.03,144'59.90,02-Jun,0:17
P26.2012.06.200m,7,No,No,NLS,200,Oxic,125.2,125.2,High N,36.7,201.2,4.0215,33.7467,26.8128,0200 m,200,6,June,2012,2, 00:17,0.03,0.141,2.7,70.3,0.866,TRN,1,vst1,4317.6,50'00.03,144'59.90,02-Jun,0:17
P26.2012.06.25m,7,No,No,NS,25,Oxic,312.9,312.9,Medium N,15.9,25.7,6.33,32.7088,25.7272,0025 m,25,6,June,2012,2, 00:17,0.839,1.683,1.43,27.3,0.866,SRF,2,vst2,4317.6,50'00.03,144'59.90,02-Jun,0:17
P26.2012.06.3000m,7,No,No,No,3000,Oxic,110.5,110.5,Low N,39.9,3001.2,1.5717,34.6584,27.7565,3000 m,3000,6,June,2012,2, 00:17,0.018,0.118,2.84,172,0.866,BOT,3,vst3,4317.6,50'00.03,144'59.90,02-Jun,0:17
P26.2012.06.300m,7,No,No,No,300,Hypoxic,72.6,72.6,High N,41,302.1,3.8624,33.8971,26.9485,0300 m,300,6,June,2012,2, 00:17,0.033,0.142,2.97,88,0.866,TRN,1,vst1,4317.6,50'00.03,144'59.90,02-Jun,0:17
P26.2012.06.4000m,7,No,No,No,4000,Oxic,136.9,136.9,Low N,38.6,4002.3,1.5039,34.6826,27.7809,4000 m,4000,6,June,2012,2, 00:17,0.013,0.109,2.71,171.5,0.866,BOT,3,vst3,4317.6,50'00.03,144'59.90,02-Jun,0:17
P26.2012.06.400m,7,No,No,No,400,Dysoxic,50.9,50.9,High N,42.1,402.2,3.8865,34.0361,27.0567,0400 m,400,6,June,2012,2, 00:17,0.034,0.14,3.06,100,0.866,TRN,1,vst1,4317.6,50'00.03,144'59.90,02-Jun,0:17
P26.2012.06.50m,7,No,No,NS,50,Oxic,312.7,312.7,Medium N,16.1,51.7,6.0349,32.7127,25.7671,0050 m,50,6,June,2012,2, 00:17,0.954,1.84,1.46,27.4,0.866,SRF,2,vst2,4317.6,50'00.03,144'59.90,02-Jun,0:17
P26.2012.06.600m,7,No,No,No,600,Dysoxic,28.3,28.3,High N,43.4,601.7,3.6296,34.2059,27.2175,0600 m,600,6,June,2012,2, 00:17,0.035,0.152,3.17,118.2,0.866,OMZ,1,vst1,4317.6,50'00.03,144'59.90,02-Jun,0:17
P26.2012.06.800m,7,No,No,No,800,Dysoxic,23.4,23.4,High N,43.8,801.3,3.2412,34.3049,27.3337,0800 m,800,6,June,2012,2, 00:17,0.032,0.147,3.22,132.3,0.866,OMZ,1,vst1,4317.6,50'00.03,144'59.90,02-Jun,0:17
P26.2012.08.1000m,8,No,No,No,1000,Dysoxic,22.7,22.7,High N,44.6,999.3,2.9053,34.3772,27.4222,1000 m,1000,8,August,2012,24, 05:04,0.067,0.068,3.19,145.3,0.628,OMZ,1,vst1,4293.7,50'00.24,144'52.29,24-Aug,12:49
P26.2012.08.100m,8,No,No,NS,100,Oxic,302.6,302.6,High N,20.4,100.8,4.2105,32.7633,26.0118,0100 m,100,8,August,2012,24, 05:04,0.123,0.124,1.62,34,0.628,SRF,4,vst4,4293.7,50'00.24,144'52.29,24-Aug,12:49
P26.2012.08.10m,8,No,No,NS,10,Oxic,275.9,275.9,Medium N,11.2,10.6,12.574,32.5541,24.6076,0010 m,10,8,August,2012,24, 05:04,1.361,1.362,1.01,22.2,0.628,SRF,2,vst2,4293.7,50'00.24,144'52.29,24-Aug,12:49
P26.2012.08.1250m,8,No,No,No,1250,Dysoxic,21.8,21.8,High N,45,1250.4,2.5672,34.4487,27.5091,1250 m,1250,8,August,2012,24, 05:04,0.065,0.066,3.2,156.8,0.628,OMZ,1,vst1,4293.7,50'00.24,144'52.29,24-Aug,12:49
P26.2012.08.1500m,8,No,No,No,1500,Dysoxic,22,22,Medium N,45.6,1500.7,2.343,34.5006,27.5695,1500 m,1500,8,August,2012,24, 05:04,0.066,0.067,3.15,165.2,0.628,OMZ,1,vst1,4293.7,50'00.24,144'52.29,24-Aug,12:49
P26.2012.08.2000m,8,No,No,No,2000,Dysoxic,53.6,53.6,Medium N,43.9,1999.5,1.9509,34.5816,27.6661,2000 m,2000,8,August,2012,24, 05:04,0.061,0.062,3.07,172.4,0.628,OMZ,1,vst1,4293.7,50'00.24,144'52.29,24-Aug,12:49
P26.2012.08.200m,8,No,No,NLS,200,Oxic,112.8,112.8,High N,38.2,199.9,3.8953,33.7596,26.8358,0200 m,200,8,August,2012,24, 05:04,0.064,0.065,2.68,75.4,0.628,TRN,1,vst1,4293.7,50'00.24,144'52.29,24-Aug,12:49
P26.2012.08.25m,8,No,No,NS,25,Oxic,294.9,294.9,Medium N,12.2,25.9,10.4252,32.617,25.0461,0025 m,25,8,August,2012,24, 05:04,1.467,1.468,1.1,22,0.628,SRF,2,vst2,4293.7,50'00.24,144'52.29,24-Aug,12:49
P26.2012.08.3000m,8,No,No,No,3000,Oxic,109.6,109.6,Low N,40.1,2998.1,1.574,34.6557,27.7542,3000 m,3000,8,August,2012,24, 05:04,0.057,0.058,2.78,172.4,0.628,BOT,3,vst3,4293.7,50'00.24,144'52.29,24-Aug,12:49
P26.2012.08.300m,8,No,No,No,300,Hypoxic,65.1,65.1,High N,41.8,300,3.8475,33.9138,26.9633,0300 m,300,8,August,2012,24, 05:04,0.068,0.069,2.99,91.7,0.628,TRN,1,vst1,4293.7,50'00.24,144'52.29,24-Aug,12:49
P26.2012.08.4000m,8,No,No,No,4000,Oxic,137.1,137.1,Low N,38.3,4001,1.5022,34.6806,27.7794,4000 m,4000,8,August,2012,24, 05:04,0.055,0.056,2.65,170,0.628,BOT,3,vst3,4293.7,50'00.24,144'52.29,24-Aug,12:49
P26.2012.08.400m,8,No,No,No,400,Dysoxic,42.1,42.1,High N,43.2,400.1,3.8042,34.0417,27.0694,0400 m,400,8,August,2012,24, 05:04,0.066,0.067,3.05,103.4,0.628,TRN,1,vst1,4293.7,50'00.24,144'52.29,24-Aug,12:49
P26.2012.08.50m,8,No,No,NS,50,Oxic,308.6,308.6,High N,16.8,50.9,6.0223,32.6991,25.7579,0050 m,50,8,August,2012,24, 05:04,0.584,0.585,1.5,30.1,0.628,SRF,2,vst2,4293.7,50'00.24,144'52.29,24-Aug,12:49
P26.2012.08.600m,8,No,No,No,600,Dysoxic,25.8,25.8,High N,44.2,599.7,3.6032,34.2005,27.2158,0600 m,600,8,August,2012,24, 05:04,0.065,0.066,3.14,120,0.628,OMZ,1,vst1,4293.7,50'00.24,144'52.29,24-Aug,12:49
P26.2012.08.800m,8,No,No,No,800,Dysoxic,23.7,23.7,High N,44.6,801.1,3.2325,34.3045,27.3342,0800 m,800,8,August,2012,24, 05:04,0.067,0.068,3.1,134.2,0.628,OMZ,1,vst1,4293.7,50'00.24,144'52.29,24-Aug,12:49
P26.2012.08.B.10m,8,No,No,No,4292,Oxic,138.9,138.9,Low N,38.1,4292.6,1.5178,34.6838,27.7808,B-10 m,B-10,8,August,2012,24, 05:04,0.056,0.057,2.64,173.4,0.628,BOT,3,vst3,4293.7,50'00.24,144'52.29,24-Aug,12:49
P26.2013.02.1000m,9,No,No,No,1000,Dysoxic,22.4,22.4,Medium N,44.9,999.4,2.8674,34.3838,27.4309,1000 m,1000,2,February,2013,12, 20:31,0.089,0.09,3.21,148.9,-0.08,OMZ,1,vst1,4318,50'00.01,144'59.99,12-Feb,20:31
P26.2013.02.100m,9,No,No,NS,100,Oxic,306.8,306.8,High N,17,99.7,5.3204,32.6524,25.8041,0100 m,100,2,February,2013,12, 20:31,0.347,0.348,1.48,26.5,-0.08,SRF,4,vst4,4318,50'00.01,144'59.99,12-Feb,20:31
P26.2013.02.10m,9,No,No,NS,10,Oxic,311.3,311.3,Low N,16.7,10.7,5.4273,32.6316,25.7754,0010 m,10,2,February,2013,12, 20:31,0.508,0.509,1.47,25.2,-0.08,SRF,4,vst4,4318,50'00.01,144'59.99,12-Feb,20:31
P26.2013.02.1250m,9,No,No,No,1250,Dysoxic,21,21,Low N,45.3,1249.6,2.5203,34.4587,27.5211,1250 m,1250,2,February,2013,12, 20:31,0.089,0.09,3.23,161.2,-0.08,OMZ,1,vst1,4318,50'00.01,144'59.99,12-Feb,20:31
P26.2013.02.1500m,9,No,No,No,1500,Dysoxic,27.5,27.5,Low N,45.3,1499.3,2.2784,34.5119,27.5839,1500 m,1500,2,February,2013,12, 20:31,0.089,0.09,3.21,168.3,-0.08,OMZ,1,vst1,4318,50'00.01,144'59.99,12-Feb,20:31
P26.2013.02.150m,9,No,No,NLS,150,Oxic,143.7,143.7,High N,35.6,151.2,3.8368,33.6394,26.746,0150 m,150,2,February,2013,12, 20:31,0.093,0.094,2.59,66.4,-0.08,TRN,1,vst1,4318,50'00.01,144'59.99,12-Feb,20:31
P26.2013.02.200m,9,No,No,NLS,200,Oxic,102.6,102.6,High N,39.5,200.4,3.7606,33.7602,26.8497,0200 m,200,2,February,2013,12, 20:31,0.091,0.092,2.81,78.1,-0.08,TRN,1,vst1,4318,50'00.01,144'59.99,12-Feb,20:31
P26.2013.02.25m,9,No,No,NS,25,Oxic,311.6,311.6,Medium N,16.3,24.5,5.4212,32.6316,25.7761,0025 m,25,2,February,2013,12, 20:31,0.56,0.561,1.44,25.2,-0.08,SRF,4,vst4,4318,50'00.01,144'59.99,12-Feb,20:31
P26.2013.02.3000m,9,No,No,No,3000,Oxic,111.6,111.6,Low N,39.6,2999.2,1.5666,34.6569,27.7557,3000 m,3000,2,February,2013,12, 20:31,0.089,0.09,2.78,174,-0.08,BOT,3,vst3,4318,50'00.01,144'59.99,12-Feb,20:31
P26.2013.02.300m,9,No,No,No,300,Dysoxic,53.8,53.8,High N,43.4,301.2,3.7537,33.9096,26.9693,0300 m,300,2,February,2013,12, 20:31,0.092,0.093,3.06,93.8,-0.08,TRN,1,vst1,4318,50'00.01,144'59.99,12-Feb,20:31
P26.2013.02.400m,9,No,No,No,400,Dysoxic,38.3,38.3,High N,44.1,400.2,3.773,34.0346,27.0669,0400 m,400,2,February,2013,12, 20:31,0.092,0.093,3.12,105.5,-0.08,TRN,1,vst1,4318,50'00.01,144'59.99,12-Feb,20:31
P26.2013.02.50m,9,No,No,NS,50,Oxic,311,311,Medium N,16.3,49.7,5.4133,32.6316,25.777,0050 m,50,2,February,2013,12, 20:31,0.535,0.536,1.44,25.3,-0.08,SRF,4,vst4,4318,50'00.01,144'59.99,12-Feb,20:31
P26.2013.02.600m,9,No,No,No,600,Dysoxic,25.1,25.1,High N,44.4,600.7,3.5374,34.2174,27.2356,0600 m,600,2,February,2013,12, 20:31,0.092,0.093,3.16,124.3,-0.08,OMZ,1,vst1,4318,50'00.01,144'59.99,12-Feb,20:31
P26.2013.02.800m,9,No,No,No,800,Dysoxic,22.4,22.4,High N,44.8,800,3.183,34.3129,27.3455,0800 m,800,2,February,2013,12, 20:31,0.091,0.092,3.19,137.7,-0.08,OMZ,1,vst1,4318,50'00.01,144'59.99,12-Feb,20:31
P26.2013.06.1000m,10,No,No,No,1000,Dysoxic,22.1,22.1,Medium N,44.7,1000.9,2.8337,34.3915,27.44,1000 m,1000,6,June,2013,17, 01:41,1.423,1.424,3.18,146.2,-0.078,OMZ,1,vst1,4319,50'00.04,144'59.99,17-Jun,1:41
P26.2013.06.100m,10,No,No,NS,100,Oxic,301.8,301.8,High N,20.1,100.3,4.6057,32.6993,25.92,0100 m,100,6,June,2013,17, 01:41,1.468,1.469,1.66,31.4,-0.078,SRF,4,vst4,4319,50'00.04,144'59.99,17-Jun,1:41
P26.2013.06.10m,10,No,No,NS,10,Oxic,296.9,296.9,Medium N,12.9,10.7,8.9786,32.5278,25.212,0010 m,10,6,June,2013,17, 01:41,1.97,1.971,1.26,24.5,-0.078,SRF,2,vst2,4319,50'00.04,144'59.99,17-Jun,1:41
P26.2013.06.1500m,10,No,No,No,1500,Dysoxic,24.8,24.8,Medium N,45,1500.8,2.3005,34.5077,27.5787,1500 m,1500,6,June,2013,17, 01:41,1.398,1.399,3.18,164.5,-0.078,OMZ,1,vst1,4319,50'00.04,144'59.99,17-Jun,1:41
P26.2013.06.150m,10,No,No,NLS,150,Oxic,180.4,180.4,High N,32,150.3,4.0398,33.4523,26.5768,0150 m,150,6,June,2013,17, 01:41,1.462,1.463,2.37,57,-0.078,TRN,1,vst1,4319,50'00.04,144'59.99,17-Jun,1:41
P26.2013.06.2000m,10,No,No,No,2000,Dysoxic,56.5,56.5,Low N,43.1,2001.3,1.9253,34.5857,27.6713,2000 m,2000,6,June,2013,17, 01:41,1.371,1.372,3.01,171.2,-0.078,OMZ,1,vst1,4319,50'00.04,144'59.99,17-Jun,1:41
P26.2013.06.200m,10,No,No,NLS,200,Oxic,114.6,114.6,High N,38.2,200.2,3.7348,33.7284,26.8269,0200 m,200,6,June,2013,17, 01:41,1.483,1.484,2.74,74.3,-0.078,TRN,1,vst1,4319,50'00.04,144'59.99,17-Jun,1:41
P26.2013.06.25m,10,No,No,NS,25,Oxic,296.3,296.3,Medium N,12.9,25.4,8.8969,32.5246,25.2222,0025 m,25,6,June,2013,17, 01:41,2.039,2.04,1.24,24.7,-0.078,SRF,2,vst2,4319,50'00.04,144'59.99,17-Jun,1:41
P26.2013.06.3000m,10,No,No,No,3000,Oxic,108.7,108.7,Low N,39.7,2999.9,1.5857,34.6538,27.7518,3000 m,3000,6,June,2013,17, 01:41,1.242,1.243,2.77,170.4,-0.078,BOT,3,vst3,4319,50'00.04,144'59.99,17-Jun,1:41
P26.2013.06.300m,10,No,No,No,300,Dysoxic,57.2,57.2,High N,42.7,300.9,3.7323,33.8938,26.9588,0300 m,300,6,June,2013,17, 01:41,1.479,1.48,3.01,91.1,-0.078,TRN,1,vst1,4319,50'00.04,144'59.99,17-Jun,1:41
P26.2013.06.4000m,10,No,No,No,4000,Oxic,137.5,137.5,Medium N,37.6,3999.3,1.4987,34.6801,27.7793,4000 m,4000,6,June,2013,17, 01:41,1.1,1.101,2.63,168.4,-0.078,BOT,3,vst3,4319,50'00.04,144'59.99,17-Jun,1:41
P26.2013.06.400m,10,No,No,No,400,Dysoxic,39.1,39.1,High N,43.6,400.1,3.7879,34.0269,27.0593,0400 m,400,6,June,2013,17, 01:41,1.455,1.456,3.08,101.7,-0.078,TRN,1,vst1,4319,50'00.04,144'59.99,17-Jun,1:41
P26.2013.06.50m,10,No,No,NS,50,Oxic,312.9,312.9,Medium N,17,50,5.6129,32.6112,25.7376,0050 m,50,6,June,2013,17, 01:41,1.708,1.709,1.51,27.7,-0.078,SRF,4,vst4,4319,50'00.04,144'59.99,17-Jun,1:41
P26.2013.06.600m,10,No,No,No,600,Dysoxic,24,24,High N,44.3,600.6,3.5326,34.2121,27.2319,0600 m,600,6,June,2013,17, 01:41,1.441,1.442,3.14,121.1,-0.078,OMZ,1,vst1,4319,50'00.04,144'59.99,17-Jun,1:41
P26.2013.06.800m,10,No,No,No,800,Dysoxic,22,22,High N,44.7,800.2,3.1944,34.3112,27.3431,0800 m,800,6,June,2013,17, 01:41,1.428,1.429,3.16,134.3,-0.078,OMZ,1,vst1,4319,50'00.04,144'59.99,17-Jun,1:41
P26.2013.08.1000m,11,No,No,No,1000,Dysoxic,21.7,21.7,High N,46,1000,2.8941,34.3775,27.4235,1000 m,1000,8,August,2013,31, 20:02,0.124,0.125,3.2,144.3,-0.466,OMZ,1,vst1,4319,50'00.00,145'00.09,31-Aug,11:33
P26.2013.08.10m,11,No,No,NS,10,Oxic,257.1,257.1,High N,9.8,10.1,14.996,32.3649,23.9684,0010 m,10,8,August,2013,31, 20:02,0.275,0.276,1.07,17.5,-0.466,SRF,2,vst2,4319,50'00.00,145'00.09,31-Aug,11:33
P26.2013.08.1250m,11,No,No,No,1250,Dysoxic,22.6,22.6,High N,46.2,1249.5,2.5541,34.4514,27.5123,1250 m,1250,8,August,2013,31, 20:02,0.121,0.122,3.21,155.8,-0.466,OMZ,1,vst1,4319,50'00.00,145'00.09,31-Aug,11:33
P26.2013.08.1500m,11,No,No,No,1500,Dysoxic,25.5,25.5,Medium N,46.4,1500.1,2.308,34.5064,27.5771,1500 m,1500,8,August,2013,31, 20:02,0.123,0.124,3.22,164.5,-0.466,OMZ,1,vst1,4319,50'00.00,145'00.09,31-Aug,11:33
P26.2013.08.150m,11,No,No,NLS,150,Oxic,198.3,198.3,High N,30.5,150.6,3.9801,33.3508,26.5021,0150 m,150,8,August,2013,31, 20:02,0.134,0.135,2.32,51.8,-0.466,TRN,1,vst1,4319,50'00.00,145'00.09,31-Aug,11:33
P26.2013.08.2000m,11,No,No,No,2000,Dysoxic,54.7,54.7,Medium N,44.5,2002.5,1.9398,34.5838,27.6687,2000 m,2000,8,August,2013,31, 20:02,0.121,0.122,3.07,171.7,-0.466,OMZ,1,vst1,4319,50'00.00,145'00.09,31-Aug,11:33
P26.2013.08.3000m,11,No,No,No,3000,Oxic,109.9,109.9,Low N,40.7,2999.4,1.5763,34.6556,27.7539,3000 m,3000,8,August,2013,31, 20:02,0.12,0.121,2.82,171.1,-0.466,BOT,3,vst3,4319,50'00.00,145'00.09,31-Aug,11:33
P26.2013.08.300m,11,No,No,No,300,Hypoxic,60.9,60.9,High N,43.9,300.5,3.6579,33.8723,26.949,0300 m,300,8,August,2013,31, 20:02,0.129,0.13,3.06,92.1,-0.466,TRN,1,vst1,4319,50'00.00,145'00.09,31-Aug,11:33
P26.2013.08.4000m,11,No,No,No,4000,Oxic,137.9,137.9,Low N,38.8,4000.7,1.4992,34.6807,27.7797,4000 m,4000,8,August,2013,31, 20:02,0.12,0.121,2.67,169,-0.466,BOT,3,vst3,4319,50'00.00,145'00.09,31-Aug,11:33
P26.2013.08.50m,11,No,No,NS,50,Oxic,307.1,307.1,High N,13.1,49.6,8.0888,32.5432,25.3578,0050 m,50,8,August,2013,31, 20:02,0.748,0.749,1.29,21.2,-0.466,SRF,2,vst2,4319,50'00.00,145'00.09,31-Aug,11:33
P26.2013.08.600m,11,No,No,No,600,Dysoxic,28.7,28.7,High N,44.9,600,3.6224,34.1993,27.2129,0600 m,600,8,August,2013,31, 20:02,0.125,0.126,3.17,118.3,-0.466,OMZ,1,vst1,4319,50'00.00,145'00.09,31-Aug,11:33
P26.2013.08.B.10m,11,No,No,No,4318,Oxic,138.9,138.9,Low N,38.8,4318.1,1.5208,34.6832,27.7801,B-10 m,B-10,8,August,2013,31, 20:02,0.122,0.123,2.71,172.5,-0.466,BOT,3,vst3,4319,50'00.00,145'00.09,31-Aug,11:33
P26.2014.02.1000m,12,Yes,No,No,1000,Suboxic,15.2,15.2,High N,47.3,1001.1,2.9517,34.3765,27.4175,1000 m,1000,2,February,2014,19, 19:24,0.119,0.12,3.18,143.2,-0.266,OMZ,1,vst1,4319,50'00.02,144'59.94,19-Feb,19:24
P26.2014.02.100m,12,Yes,Yes.100,BS,100,Oxic,286.1,286.1,High N,12.7,100.4,7.5626,32.4846,25.3868,0100 m,100,2,February,2014,19, 19:24,0.705,0.706,1.14,15.4,-0.266,SRF,4,vst4,4319,50'00.02,144'59.94,19-Feb,19:24
P26.2014.02.10m,12,Yes,Yes.50,BS,10,Oxic,287.6,287.6,Low N,11,10.1,8.155,32.4376,25.2654,0010 m,10,2,February,2014,19, 19:24,0.848,0.849,1.06,12.9,-0.266,SRF,4,vst4,4319,50'00.02,144'59.94,19-Feb,19:24
P26.2014.02.1250m,12,Yes,No,No,1250,Dysoxic,20.6,20.6,High N,47.2,1250.2,2.596,34.4453,27.5039,1250 m,1250,2,February,2014,19, 19:24,0.117,0.118,3.13,154.2,-0.266,OMZ,1,vst1,4319,50'00.02,144'59.94,19-Feb,19:24
P26.2014.02.1500m,12,Yes,No,No,1500,Dysoxic,24.9,24.9,Medium N,47,1499,2.3455,34.5007,27.5694,1500 m,1500,2,February,2014,19, 19:24,0.114,0.115,3.11,162.8,-0.266,OMZ,1,vst1,4319,50'00.02,144'59.94,19-Feb,19:24
P26.2014.02.150m,12,No,No,NLS,150,Oxic,250.6,250.6,High N,23.5,149.2,4.9157,33.0631,26.175,0150 m,150,2,February,2014,19, 19:24,0.104,0.105,1.74,33.9,-0.266,TRN,1,vst1,4319,50'00.02,144'59.94,19-Feb,19:24
P26.2014.02.2000m,12,Yes,No,No,2000,Dysoxic,55.6,55.6,Medium N,45.2,2001.8,1.9468,34.5843,27.6685,2000 m,2000,2,February,2014,19, 19:24,0.107,0.108,3,170.8,-0.266,OMZ,1,vst1,4319,50'00.02,144'59.94,19-Feb,19:24
P26.2014.02.200m,12,No,Yes.200,NLS,200,Oxic,151.3,151.3,High N,35.2,201,4.2128,33.675,26.7361,0200 m,200,2,February,2014,19, 19:24,0.114,0.115,2.41,60.9,-0.266,TRN,1,vst1,4319,50'00.02,144'59.94,19-Feb,19:24
P26.2014.02.25m,12,Yes,Yes.50,BS,25,Oxic,284.9,284.9,Medium N,11,26,8.1456,32.4366,25.2659,0025 m,25,2,February,2014,19, 19:24,0.953,0.954,1.05,12.9,-0.266,SRF,4,vst4,4319,50'00.02,144'59.94,19-Feb,19:24
P26.2014.02.3000m,12,Yes,No,No,3000,Oxic,109.3,109.3,Low N,41.4,3001.4,1.5827,34.6568,27.7544,3000 m,3000,2,February,2014,19, 19:24,0.095,0.096,2.71,169.9,-0.266,BOT,3,vst3,4319,50'00.02,144'59.94,19-Feb,19:24
P26.2014.02.300m,12,Yes,No,No,300,Hypoxic,77.1,77.1,High N,42.2,300,4.0833,33.858,26.895,0300 m,300,2,February,2014,19, 19:24,0.114,0.115,2.81,80.7,-0.266,TRN,1,vst1,4319,50'00.02,144'59.94,19-Feb,19:24
P26.2014.02.4000m,12,Yes,No,No,4000,Oxic,136.7,136.7,Low N,39.5,3999.6,1.5068,34.6816,27.7799,4000 m,4000,2,February,2014,19, 19:24,0.091,0.092,2.6,166.7,-0.266,BOT,3,vst3,4319,50'00.02,144'59.94,19-Feb,19:24
P26.2014.02.400m,12,Yes,No,No,400,Dysoxic,51.3,51.3,High N,44.1,402.7,3.997,33.994,27.012,0400 m,400,2,February,2014,19, 19:24,0.114,0.115,2.95,93.9,-0.266,TRN,1,vst1,4319,50'00.02,144'59.94,19-Feb,19:24
P26.2014.02.50m,12,Yes,Yes.50,BS,50,Oxic,287.6,287.6,Medium N,11,49.7,8.1459,32.4363,25.2657,0050 m,50,2,February,2014,19, 19:24,1.019,1.02,1.06,12.8,-0.266,SRF,4,vst4,4319,50'00.02,144'59.94,19-Feb,19:24
P26.2014.02.600m,12,Yes,No,No,600,Dysoxic,22.6,22.6,High N,46,601.6,3.7431,34.1982,27.2001,0600 m,600,2,February,2014,19, 19:24,0.116,0.117,3.06,115.5,-0.266,OMZ,1,vst1,4319,50'00.02,144'59.94,19-Feb,19:24
P26.2014.02.800m,12,Yes,No,No,800,Dysoxic,21,21,High N,46.6,801.2,3.2841,34.2988,27.3248,0800 m,800,2,February,2014,19, 19:24,0.112,0.113,3.13,131.5,-0.266,OMZ,1,vst1,4319,50'00.02,144'59.94,19-Feb,19:24
P26.2014.02.B.10m,12,Yes,No,No,4315,Oxic,139.5,139.5,Low N,39.4,4315.5,1.5208,34.6853,27.7818,B-10 m,B-10,2,February,2014,19, 19:24,0.098,0.099,2.59,170.3,-0.266,BOT,3,vst3,4319,50'00.02,144'59.94,19-Feb,19:24
P26.2014.06.10m,13,Yes,Yes.50,BS,10,Oxic,287,287,Low N,9,10.3,10.4223,32.3974,24.8755,0010 m,10,6,June,2014,17, 12:32,0.907,0.908,0.972,13.82,1.057,SRF,2,vst2,4319,50'00.03,144'59.97,17-Jun,12:31
P26.2014.06.25m,13,Yes,Yes.50,BS,25,Oxic,286.7,286.7,Low N,9,24.7,10.3864,32.3965,24.8808,0025 m,25,6,June,2014,17, 12:32,0.917,0.918,0.973,13.77,1.057,SRF,2,vst2,4319,50'00.03,144'59.97,17-Jun,12:31
P26.2014.06.50m,13,Yes,Yes.50,BS,50,Oxic,295.1,295.1,Low N,11.1,50.6,7.9712,32.458,25.308,0050 m,50,6,June,2014,17, 12:32,1.174,1.175,1.125,15.39,1.057,SRF,2,vst2,4319,50'00.03,144'59.97,17-Jun,12:31
P26.2014.08.1000m,14,Yes,No,No,1000,Dysoxic,20.6,20.6,High N,45.81,1001.6,2.9417,34.3692,27.4126,1000 m,1000,8,August,2014,17, 12:32,NaN.000,NaN.001,3.188,141.46,0.961,OMZ,1,vst1,4319,50'00.03,144'59.97,17-Jun,12:31
P26.2014.08.100m,14,Yes,Yes.100,BS,100,Oxic,268.8,268.8,High N,18.83,99.5,6.0841,32.8142,25.8411,0100 m,100,8,August,2014,17, 12:32,0.009,0.01,1.539,24.58,0.961,SRF,4,vst4,4319,50'00.03,144'59.97,17-Jun,12:31
P26.2014.08.10m,14,Yes,Yes.50,BS,10,Oxic,266.2,266.2,Low N,5.03,10,14.7063,32.3464,24.016,0010 m,10,8,August,2014,17, 12:32,1.404,1.405,0.739,11.59,0.961,SRF,2,vst2,4319,50'00.03,144'59.97,17-Jun,12:31
P26.2014.08.1250m,14,Yes,No,No,1250,Suboxic,19.5,19.5,High N,45.73,1249.8,2.5841,34.4474,27.5066,1250 m,1250,8,August,2014,17, 12:32,0.009,0.01,3.19,153.82,0.961,OMZ,1,vst1,4319,50'00.03,144'59.97,17-Jun,12:31
P26.2014.08.1500m,14,Yes,No,No,1500,Dysoxic,23.9,23.9,Medium N,45.88,1503.2,2.3261,34.5029,27.5728,1500 m,1500,8,August,2014,17, 12:32,0.067,0.068,3.182,161.72,0.961,OMZ,1,vst1,4319,50'00.03,144'59.97,17-Jun,12:31
P26.2014.08.150m,14,No,No,NLS,150,Oxic,178.7,178.7,High N,31.82,151.8,4.2764,33.5224,26.6082,0150 m,150,8,August,2014,17, 12:32,0.012,0.013,2.293,52.57,0.961,TRN,1,vst1,4319,50'00.03,144'59.97,17-Jun,12:31
P26.2014.08.2000m,14,Yes,No,No,2000,Dysoxic,52.2,52.2,Medium N,44.65,1999.6,1.9594,34.5805,27.6645,2000 m,2000,8,August,2014,17, 12:32,0.059,0.06,3.049,168.85,0.961,OMZ,1,vst1,4319,50'00.03,144'59.97,17-Jun,12:31
P26.2014.08.200m,14,No,No,NLS,200,Oxic,127,127,High N,37.53,200,3.9277,33.7092,26.7924,0200 m,200,8,August,2014,17, 12:32,0,0.001,2.637,68.18,0.961,TRN,1,vst1,4319,50'00.03,144'59.97,17-Jun,12:31
P26.2014.08.25m,14,Yes,Yes.50,BS,25,Oxic,265.5,265.5,Medium N,5.02,25,14.6821,32.3422,24.0179,0025 m,25,8,August,2014,17, 12:32,2.333,2.334,0.738,11.56,0.961,SRF,2,vst2,4319,50'00.03,144'59.97,17-Jun,12:31
P26.2014.08.3000m,14,Yes,No,No,3000,Oxic,108.4,108.4,Low N,40.73,3001.4,1.5793,34.6556,27.7537,3000 m,3000,8,August,2014,17, 12:32,0.052,0.053,2.78,168.07,0.961,BOT,3,vst3,4319,50'00.03,144'59.97,17-Jun,12:31
P26.2014.08.300m,14,Yes,No,No,300,Hypoxic,68.1,68.1,High N,42.66,300.7,3.6947,33.8517,26.929,0300 m,300,8,August,2014,17, 12:32,0,0.001,2.972,86.3,0.961,TRN,1,vst1,4319,50'00.03,144'59.97,17-Jun,12:31
P26.2014.08.4000m,14,Yes,No,No,4000,Oxic,136.8,136.8,Low N,38.4,3999.7,1.4991,34.6809,27.7799,4000 m,4000,8,August,2014,17, 12:32,0.05,0.051,2.625,165.9,0.961,BOT,3,vst3,4319,50'00.03,144'59.97,17-Jun,12:31
P26.2014.08.400m,14,Yes,No,No,400,Dysoxic,46,46,High N,44.28,401.2,3.7206,33.9707,27.0212,0400 m,400,8,August,2014,17, 12:32,0.009,0.01,3.065,97.06,0.961,TRN,1,vst1,4319,50'00.03,144'59.97,17-Jun,12:31
P26.2014.08.50m,14,Yes,Yes.50,BS,50,Oxic,293.9,293.9,Medium N,9.56,50.5,8.6535,32.5609,25.2878,0050 m,50,8,August,2014,17, 12:32,0.772,0.773,1.048,12.92,0.961,SRF,2,vst2,4319,50'00.03,144'59.97,17-Jun,12:31
P26.2014.08.600m,14,Yes,No,No,600,Dysoxic,22.1,22.1,High N,45.21,604,3.6253,34.1824,27.1992,0600 m,600,8,August,2014,17, 12:32,0,0.001,3.135,116.64,0.961,OMZ,1,vst1,4319,50'00.03,144'59.97,17-Jun,12:31
P26.2014.08.800m,14,Yes,No,No,800,Suboxic,19.7,19.7,High N,45.74,801.3,3.2671,34.2952,27.3235,0800 m,800,8,August,2014,17, 12:32,0,0.001,3.178,130.77,0.961,OMZ,1,vst1,4319,50'00.03,144'59.97,17-Jun,12:31
P26.2014.08.B.10m,14,Yes,No,No,4317,Oxic,139.1,139.1,Low N,38.67,4317.2,1.5151,34.6844,27.7815,B-10 m,B-10,8,August,2014,17, 12:32,0.049,0.05,2.616,169.01,0.961,BOT,3,vst3,4319,50'00.03,144'59.97,17-Jun,12:31
P26.2015.02.1000m,15,Yes,No,No,1000,Suboxic,19.4,19.4,High N,46.08,1001.6,2.8503,34.3866,27.4347,1000 m,1000,2,February,2015,18, 10:20,0.061,0.062,3.148,146,0.459,OMZ,1,vst1,4319,49'59.99,144'59.97,18-Feb,10:14
P26.2015.02.100m,15,Yes,Yes.100,BS,100,Oxic,250.8,250.8,High N,19.28,101.2,6.0858,33.0252,26.0075,0100 m,100,2,February,2015,18, 10:20,0.198,0.199,1.519,25.38,0.459,SRF,4,vst4,4319,49'59.99,144'59.97,18-Feb,10:14
P26.2015.02.10m,15,Yes,Yes.50,BS,10,Oxic,294.9,294.9,Low N,10.96,11.8,7.5223,32.5155,25.4167,0010 m,10,2,February,2015,18, 10:20,1.29,1.291,1.068,13.02,0.459,SRF,4,vst4,4319,49'59.99,144'59.97,18-Feb,10:14
P26.2015.02.1250m,15,Yes,No,No,1250,Suboxic,18.9,18.9,High N,46.78,1251,2.5618,34.4493,27.51,1250 m,1250,2,February,2015,18, 10:20,0.06,0.061,3.151,155.87,0.459,OMZ,1,vst1,4319,49'59.99,144'59.97,18-Feb,10:14
P26.2015.02.1500m,15,Yes,No,No,1500,Dysoxic,27.2,27.2,Medium N,46.11,1502.5,2.2969,34.5057,27.5774,1500 m,1500,2,February,2015,18, 10:20,0.059,0.06,3.115,163.92,0.459,OMZ,1,vst1,4319,49'59.99,144'59.97,18-Feb,10:14
P26.2015.02.150m,15,Yes,Yes.150,BLS,150,Oxic,162.6,162.6,High N,33.73,151.3,4.2401,33.6244,26.693,0150 m,150,2,February,2015,18, 10:20,0.069,0.07,2.355,58.39,0.459,TRN,1,vst1,4319,49'59.99,144'59.97,18-Feb,10:14
P26.2015.02.2000m,15,Yes,No,No,2000,Dysoxic,54,54,Medium N,44.51,2002.2,1.9524,34.5792,27.664,2000 m,2000,2,February,2015,18, 10:20,0.055,0.056,2.981,170.77,0.459,OMZ,1,vst1,4319,49'59.99,144'59.97,18-Feb,10:14
P26.2015.02.200m,15,Yes,Yes.200,BLS,200,Oxic,118.1,118.1,High N,38.48,200.7,3.8089,33.7267,26.8182,0200 m,200,2,February,2015,18, 10:20,0.066,0.067,2.627,72.43,0.459,TRN,1,vst1,4319,49'59.99,144'59.97,18-Feb,10:14
P26.2015.02.25m,15,Yes,Yes.50,BS,25,Oxic,294.6,294.6,Medium N,11.19,26.6,7.5042,32.5173,25.4207,0025 m,25,2,February,2015,18, 10:20,1.428,1.429,1.068,13.26,0.459,SRF,4,vst4,4319,49'59.99,144'59.97,18-Feb,10:14
P26.2015.02.3000m,15,Yes,No,No,3000,Oxic,109.5,109.5,Low N,40.75,3001.7,1.5718,34.6543,27.7532,3000 m,3000,2,February,2015,18, 10:20,0.05,0.051,2.737,170.85,0.459,BOT,3,vst3,4319,49'59.99,144'59.97,18-Feb,10:14
P26.2015.02.300m,15,Yes,No,No,300,Hypoxic,64,64,High N,43.48,302.1,3.677,33.8623,26.9392,0300 m,300,2,February,2015,18, 10:20,0.065,0.066,2.957,88.48,0.459,TRN,1,vst1,4319,49'59.99,144'59.97,18-Feb,10:14
P26.2015.02.4000m,15,Yes,No,No,4000,Oxic,136.5,136.5,Low N,39.19,4000.5,1.5039,34.6781,27.7773,4000 m,4000,2,February,2015,18, 10:20,0.047,0.048,2.618,168.07,0.459,BOT,3,vst3,4319,49'59.99,144'59.97,18-Feb,10:14
P26.2015.02.400m,15,Yes,No,No,400,Dysoxic,37,37,High N,45.13,402.8,3.6736,34.0123,27.0589,0400 m,400,2,February,2015,18, 10:20,0.063,0.064,3.121,103.72,0.459,TRN,1,vst1,4319,49'59.99,144'59.97,18-Feb,10:14
P26.2015.02.50m,15,Yes,Yes.50,BS,50,Oxic,293,293,Medium N,11.66,52.4,7.4209,32.5269,25.4398,0050 m,50,2,February,2015,18, 10:20,1.172,1.173,1.1,14.18,0.459,SRF,4,vst4,4319,49'59.99,144'59.97,18-Feb,10:14
P26.2015.02.600m,15,Yes,No,No,600,Dysoxic,22.5,22.5,High N,45.35,602.2,3.48,34.215,27.2393,0600 m,600,2,February,2015,18, 10:20,0.062,0.063,3.145,123.52,0.459,OMZ,1,vst1,4319,49'59.99,144'59.97,18-Feb,10:14
P26.2015.02.800m,15,Yes,No,No,800,Dysoxic,20.3,20.3,High N,45.81,802.6,3.178,34.3119,27.3452,0800 m,800,2,February,2015,18, 10:20,0.062,0.063,3.144,135.36,0.459,OMZ,1,vst1,4319,49'59.99,144'59.97,18-Feb,10:14
P26.2015.02.B.10m,15,Yes,No,No,4318,Oxic,139.1,139.1,Low N,39.02,4318,1.5177,34.6818,27.7792,B-10 m,B-10,2,February,2015,18, 10:20,0.047,0.048,2.579,171.02,0.459,BOT,3,vst3,4319,49'59.99,144'59.97,18-Feb,10:14
P26.2015.06.1000m,16,Yes,No,No,1000,Dysoxic,21.4,21.4,High N,45.85,1000.1,2.8733,34.3834,27.43,1000 m,1000,6,June,2015,17, 04:56,0.085,0.086,3.182,147.34,2.101,OMZ,1,vst1,4319,49'59.99,144'59.98,17-Jun,4:56
P26.2015.06.100m,16,Yes,Yes.100,BS,100,Oxic,217.5,217.5,High N,25.21,100.4,5.7256,33.376,26.3289,0100 m,100,6,June,2015,17, 04:56,0.261,0.262,1.855,37.72,2.101,SRF,1,vst1,4319,49'59.99,144'59.98,17-Jun,4:56
P26.2015.06.10m,16,Yes,Yes.50,BS,10,Oxic,289.8,289.8,Medium N,9.06,10.3,10.5139,32.544,24.9741,0010 m,10,6,June,2015,17, 04:56,1.902,1.903,0.957,13.87,2.101,SRF,2,vst2,4319,49'59.99,144'59.98,17-Jun,4:56
P26.2015.06.1250m,16,Yes,No,No,1250,Suboxic,19.1,19.1,High N,46.19,1250,2.5719,34.4513,27.5107,1250 m,1250,6,June,2015,17, 04:56,0.085,0.086,3.205,158.33,2.101,OMZ,1,vst1,4319,49'59.99,144'59.98,17-Jun,4:56
P26.2015.06.1500m,16,Yes,No,No,1500,Dysoxic,24.7,24.7,Medium N,45.92,1500.4,2.326,34.5041,27.5737,1500 m,1500,6,June,2015,17, 04:56,0.085,0.086,3.175,166.17,2.101,OMZ,1,vst1,4319,49'59.99,144'59.98,17-Jun,4:56
P26.2015.06.150m,16,Yes,Yes.150,BLS,150,Oxic,153.5,153.5,High N,32.57,150.1,4.9578,33.7497,26.7146,0150 m,150,6,June,2015,17, 04:56,0.12,0.121,2.307,57.03,2.101,TRN,1,vst1,4319,49'59.99,144'59.98,17-Jun,4:56
P26.2015.06.2000m,16,Yes,No,No,2000,Dysoxic,57.2,57.2,Medium N,44.67,1999.8,1.9286,34.5862,27.6715,2000 m,2000,6,June,2015,17, 04:56,0.085,0.086,3.025,173.64,2.101,OMZ,1,vst1,4319,49'59.99,144'59.98,17-Jun,4:56
P26.2015.06.200m,16,Yes,Yes.200,BLS,200,Oxic,119.6,119.6,High N,36.66,199.9,4.2593,33.779,26.8139,0200 m,200,6,June,2015,17, 04:56,0.099,0.1,2.595,69.27,2.101,TRN,1,vst1,4319,49'59.99,144'59.98,17-Jun,4:56
P26.2015.06.25m,16,Yes,Yes.50,BS,25,Oxic,297.2,297.2,Medium N,12.57,25.2,9.8328,32.5464,25.0902,0025 m,25,6,June,2015,17, 04:56,4.382,4.383,1.197,20.29,2.101,SRF,2,vst2,4319,49'59.99,144'59.98,17-Jun,4:56
P26.2015.06.3000m,16,Yes,No,No,3000,Oxic,108.9,108.9,Low N,40.39,2999.2,1.58,34.656,27.754,3000 m,3000,6,June,2015,17, 04:56,0.084,0.085,2.772,173.12,2.101,BOT,3,vst3,4319,49'59.99,144'59.98,17-Jun,4:56
P26.2015.06.300m,16,Yes,No,No,300,Hypoxic,75.1,75.1,High N,41.6,299.9,3.9458,33.883,26.9289,0300 m,300,6,June,2015,17, 04:56,0.098,0.099,2.895,86.52,2.101,TRN,1,vst1,4319,49'59.99,144'59.98,17-Jun,4:56
P26.2015.06.4000m,16,Yes,No,No,4000,Oxic,136.3,136.3,Low N,38.7,3999.7,1.5042,34.6805,27.7792,4000 m,4000,6,June,2015,17, 04:56,0.081,0.082,2.626,170.68,2.101,BOT,3,vst3,4319,49'59.99,144'59.98,17-Jun,4:56
P26.2015.06.400m,16,Yes,No,No,400,Dysoxic,53.5,53.5,High N,43.14,400.3,3.8395,33.9855,27.0211,0400 m,400,6,June,2015,17, 04:56,0.092,0.093,3.023,97.73,2.101,TRN,1,vst1,4319,49'59.99,144'59.98,17-Jun,4:56
P26.2015.06.50m,16,Yes,Yes.50,BS,50,Oxic,303.6,303.6,Medium N,14.27,50.1,7.0329,32.5958,25.5467,0050 m,50,6,June,2015,17, 04:56,0.788,0.789,1.317,21.38,2.101,SRF,2,vst2,4319,49'59.99,144'59.98,17-Jun,4:56
P26.2015.06.800m,16,Yes,No,No,800,Dysoxic,22.5,22.5,High N,45.32,799.7,3.2282,34.3093,27.3384,0800 m,800,6,June,2015,17, 04:56,0.085,0.086,3.168,135.45,2.101,OMZ,1,vst1,4319,49'59.99,144'59.98,17-Jun,4:56
P26.2015.06.B.10m,16,Yes,No,No,4316,Oxic,138.8,138.8,Low N,38.56,4316.7,1.5192,34.684,27.7809,B-10 m,B-10,6,June,2015,17, 04:56,0.079,0.08,2.613,173.85,2.101,BOT,3,vst3,4319,49'59.99,144'59.98,17-Jun,4:56
P26.2015.08.1000m,17,Yes,No,No,1000,Suboxic,17,17,High N,45.79,1000,3.0054,34.358,27.3978,1000 m,1000,8,August,2015,28, 13:57,0.06,0.061,3.193,143.89,2.365,OMZ,1,vst1,4307,49'59.99,145'00.05,28-Aug,13:56
P26.2015.08.100m,17,Yes,Yes.100,BS,100,Oxic,293.3,293.3,High N,14.26,100.4,6.7055,32.7839,25.7382,0100 m,100,8,August,2015,28, 13:57,0.286,0.287,1.353,21.15,2.365,SRF,4,vst4,4307,49'59.99,145'00.05,28-Aug,13:56
P26.2015.08.10m,17,Yes,Yes.50,BS,10,Oxic,261.2,261.2,Low N,5.75,9.9,14.6548,32.3829,24.0551,0010 m,10,8,August,2015,28, 13:57,1.073,1.074,0.741,10.81,2.365,SRF,2,vst2,4307,49'59.99,145'00.05,28-Aug,13:56
P26.2015.08.1250m,17,Yes,No,No,1250,Suboxic,19,19,High N,45.87,1249.7,2.6283,34.4378,27.4951,1250 m,1250,8,August,2015,28, 13:57,0.059,0.06,3.202,156.8,2.365,OMZ,1,vst1,4307,49'59.99,145'00.05,28-Aug,13:56
P26.2015.08.1500m,17,Yes,No,No,1500,Dysoxic,24.1,24.1,Medium N,45.78,1499.8,2.3427,34.4989,27.5682,1500 m,1500,8,August,2015,28, 13:57,0.059,0.06,3.175,166.28,2.365,OMZ,1,vst1,4307,49'59.99,145'00.05,28-Aug,13:56
P26.2015.08.150m,17,Yes,Yes.150,BLS,150,Oxic,168.7,168.7,High N,31.14,150.2,4.938,33.6479,26.6361,0150 m,150,8,August,2015,28, 13:57,0.111,0.112,2.24,52.08,2.365,TRN,1,vst1,4307,49'59.99,145'00.05,28-Aug,13:56
P26.2015.08.2000m,17,Yes,No,No,2000,Dysoxic,52.9,52.9,Medium N,44.08,2000.5,1.9567,34.5807,27.6649,2000 m,2000,8,August,2015,28, 13:57,0.059,0.06,3.044,174.26,2.365,OMZ,1,vst1,4307,49'59.99,145'00.05,28-Aug,13:56
P26.2015.08.200m,17,Yes,Yes.200,BLS,200,Oxic,132.1,132.1,High N,35.29,198.9,4.4483,33.7528,26.7731,0200 m,200,8,August,2015,28, 13:57,0.085,0.086,2.499,64.37,2.365,TRN,1,vst1,4307,49'59.99,145'00.05,28-Aug,13:56
P26.2015.08.25m,17,Yes,Yes.50,BS,25,Oxic,261.3,261.3,Medium N,5.76,25.5,14.6467,32.3822,24.0563,0025 m,25,8,August,2015,28, 13:57,1.37,1.371,0.744,10.79,2.365,SRF,2,vst2,4307,49'59.99,145'00.05,28-Aug,13:56
P26.2015.08.3000m,17,Yes,No,No,3000,Oxic,108.6,108.6,Low N,40.44,3002.1,1.584,34.6542,27.7522,3000 m,3000,8,August,2015,28, 13:57,0.06,0.061,2.775,173.68,2.365,BOT,3,vst3,4307,49'59.99,145'00.05,28-Aug,13:56
P26.2015.08.300m,17,Yes,No,No,300,Hypoxic,78,78,High N,41.22,299,3.9657,33.8669,26.9141,0300 m,300,8,August,2015,28, 13:57,0.073,0.074,2.85,83.76,2.365,TRN,1,vst1,4307,49'59.99,145'00.05,28-Aug,13:56
P26.2015.08.4000m,17,Yes,No,No,4000,Oxic,136.8,136.8,Low N,38.45,3999.9,1.5034,34.6799,27.7788,4000 m,4000,8,August,2015,28, 13:57,0.059,0.06,2.616,170.75,2.365,BOT,3,vst3,4307,49'59.99,145'00.05,28-Aug,13:56
P26.2015.08.400m,17,Yes,No,No,400,Dysoxic,52.9,52.9,High N,43.01,400.3,3.8667,33.9871,27.0197,0400 m,400,8,August,2015,28, 13:57,0.062,0.063,3.012,97.86,2.365,TRN,1,vst1,4307,49'59.99,145'00.05,28-Aug,13:56
P26.2015.08.50m,17,Yes,Yes.50,BS,50,Oxic,306.4,306.4,Medium N,11.86,50,7.9409,32.7258,25.5226,0050 m,50,8,August,2015,28, 13:57,1.884,1.885,1.147,18.01,2.365,SRF,2,vst2,4307,49'59.99,145'00.05,28-Aug,13:56
P26.2015.08.600m,17,Yes,No,No,600,Dysoxic,27,27,High N,44.68,600.3,3.5839,34.1735,27.1961,0600 m,600,8,August,2015,28, 13:57,0.061,0.062,3.124,119.73,2.365,OMZ,1,vst1,4307,49'59.99,145'00.05,28-Aug,13:56
P26.2015.08.800m,17,Yes,No,No,800,Suboxic,19.4,19.4,High N,45.27,799.7,3.2165,34.3092,27.3394,0800 m,800,8,August,2015,28, 13:57,0.06,0.061,3.182,136.17,2.365,OMZ,1,vst1,4307,49'59.99,145'00.05,28-Aug,13:56
P26.2015.08.B.10m,17,Yes,No,No,4305,Oxic,139.6,139.6,Low N,38.34,4305.5,1.5176,34.6837,27.7808,B-10 m,B-10,8,August,2015,28, 13:57,0.057,0.058,2.614,174.01,2.365,BOT,3,vst3,4307,49'59.99,145'00.05,28-Aug,13:56
P26.2016.02.1000m,18,Yes,No,No,1000,Dysoxic,21.4,21.4,High N,45.19,1001.9,2.9324,34.3707,27.4146,1000 m,1000,2,February,2016,16, 09:15,0.051,0.052,3.221,144.35,2.169,OMZ,1,vst1,4316.9,49'59.92,145'00.04,16-Feb,9:14
P26.2016.02.100m,18,Yes,Yes.100,BS,100,Oxic,286.5,286.5,Medium N,14.5,99.7,6.4936,32.76,25.7468,0100 m,100,2,February,2016,16, 09:15,0.667,0.668,1.331,18.2,2.169,SRF,4,vst4,4316.9,49'59.92,145'00.04,16-Feb,9:14
P26.2016.02.10m,18,Yes,Yes.50,BS,10,Oxic,295.8,295.8,Low N,13.16,11.1,6.6115,32.6561,25.6497,0010 m,10,2,February,2016,16, 09:15,1.173,1.174,1.221,15.96,2.169,SRF,4,vst4,4316.9,49'59.92,145'00.04,16-Feb,9:14
P26.2016.02.1250m,18,Yes,No,No,1250,Dysoxic,21.2,21.2,High N,45.52,1254.5,2.5983,34.4415,27.5006,1250 m,1250,2,February,2016,16, 09:15,0.05,0.051,3.223,155.51,2.169,OMZ,1,vst1,4316.9,49'59.92,145'00.04,16-Feb,9:14
P26.2016.02.1500m,18,Yes,No,No,1500,Dysoxic,24.2,24.2,Medium N,45.61,1498.9,2.3483,34.4969,27.5661,1500 m,1500,2,February,2016,16, 09:15,0.049,0.05,3.212,163.95,2.169,OMZ,1,vst1,4316.9,49'59.92,145'00.04,16-Feb,9:14
P26.2016.02.150m,18,Yes,Yes.150,BLS,150,Oxic,159.6,159.6,High N,30.78,151.4,5.2766,33.7757,26.6986,0150 m,150,2,February,2016,16, 09:15,0.065,0.066,2.208,53.26,2.169,TRN,1,vst1,4316.9,49'59.92,145'00.04,16-Feb,9:14
P26.2016.02.2000m,18,Yes,No,No,2000,Dysoxic,53.2,53.2,Medium N,43.81,2000.6,1.9628,34.5783,27.6625,2000 m,2000,2,February,2016,16, 09:15,0.046,0.047,3.067,171.89,2.169,OMZ,1,vst1,4316.9,49'59.92,145'00.04,16-Feb,9:14
P26.2016.02.200m,18,Yes,Yes.200,BLS,200,Oxic,129.9,129.9,High N,34.75,200.3,4.6632,33.7942,26.7827,0200 m,200,2,February,2016,16, 09:15,0.053,0.054,2.488,63.59,2.169,TRN,1,vst1,4316.9,49'59.92,145'00.04,16-Feb,9:14
P26.2016.02.25m,18,Yes,Yes.50,BS,25,Oxic,295.2,295.2,Medium N,13.3,26,6.6066,32.6573,25.6513,0025 m,25,2,February,2016,16, 09:15,1.203,1.204,1.225,16.06,2.169,SRF,4,vst4,4316.9,49'59.92,145'00.04,16-Feb,9:14
P26.2016.02.3000m,18,Yes,No,No,3000,Oxic,108.4,108.4,High N,40.21,3001.5,1.5873,34.6532,27.7512,3000 m,3000,2,February,2016,16, 09:15,0.042,0.043,2.79,170.89,2.169,BOT,3,vst3,4316.9,49'59.92,145'00.04,16-Feb,9:14
P26.2016.02.300m,18,Yes,No,No,300,Oxic,93.05,93.05,High N,38.595,300,4.2892,33.88695,26.8958,0300 m,300,2,February,2016,16, 09:15,0.053,0.054,2.757,79.51,2.169,TRN,1,vst1,4316.9,49'59.92,145'00.04,16-Feb,9:14
P26.2016.02.4000m,18,Yes,No,No,4000,Oxic,137.6,137.6,High N,37.68,4000.4,1.501,34.68,27.779,4000 m,4000,2,February,2016,16, 09:15,0.039,0.04,2.6,168.71,2.169,BOT,3,vst3,4316.9,49'59.92,145'00.04,16-Feb,9:14
P26.2016.02.400m,18,Yes,No,No,400,Dysoxic,56.2,56.2,High N,42.44,400.4,3.9152,33.9797,27.0089,0400 m,400,2,February,2016,16, 09:15,0.053,0.054,3.026,95.43,2.169,TRN,1,vst1,4316.9,49'59.92,145'00.04,16-Feb,9:14
P26.2016.02.50m,18,Yes,Yes.50,BS,50,Oxic,295.3,295.3,Medium N,13.25,50.9,6.5964,32.6588,25.6538,0050 m,50,2,February,2016,16, 09:15,1.184,1.185,1.23,16.19,2.169,SRF,4,vst4,4316.9,49'59.92,145'00.04,16-Feb,9:14
P26.2016.02.600m,18,Yes,No,No,600,Dysoxic,27.4,27.4,High N,44.57,599.8,3.5848,34.1638,27.1883,0600 m,600,2,February,2016,16, 09:15,0.052,0.053,3.148,117.85,2.169,OMZ,1,vst1,4316.9,49'59.92,145'00.04,16-Feb,9:14
P26.2016.02.800m,18,Yes,No,No,800,Dysoxic,23.1,23.1,High N,44.51,800.9,3.269,34.294,27.3224,0800 m,800,2,February,2016,16, 09:15,0.051,0.052,3.18,132.67,2.169,OMZ,1,vst1,4316.9,49'59.92,145'00.04,16-Feb,9:14
P26.2016.02.B.10m,18,Yes,No,No,4314,Oxic,139.7,139.7,High N,38.06,4314.9,1.5209,34.6829,27.7799,B-10 m,B-10,2,February,2016,16, 09:15,0.039,0.04,2.638,170.76,2.169,BOT,3,vst3,4316.9,49'59.92,145'00.04,16-Feb,9:14