Cruise,Cruisetrans,Station,Sample,Depth,Cat_Depth,Cyanobacteria,Chlorophytes,Prasinophytes,Cryptophytes,Diatom_2,Dinoflage_1,Pelagophytes,Haptophytes,Chlorophyll.mg.m3,Cyanobacteria.mg.m3,Chlorophytes.mg.m3,Prasinophytes.mg.m3,Cryptophytes.mg.m3,Diatom_2.mg.m3,Dinoflage_1.mg.m3,Pelagophytes.mg.m3,Haptophytes.mg.m3
2010-13,P26.2010.06.10m,P26,345-A,5,10,0.078509219,0.009027488,0.072770095,0,0.026622965,0,0.118785679,0.694284558,0.372,0.029180587,0.003355369,0.027047449,0,0.009895319,0,0.044150686,0.258054169
2010-13,P26.2010.06.10m,P26,345-B,5,10,0.072109929,0.010647139,0.05767318,0.00056017,0.026593087,0.000225991,0.106597378,0.72559311,0.303,0.021832268,0.003223567,0.017461345,0.000169599,0.008051421,6.8422E-05,0.032273816,0.219683249
2010-13,P26.2010.06.10m,P26,344-A,10,10,0.068355722,0.009907124,0.060932783,0.001080322,0.014169147,0.000422022,0.121032736,0.724100133,0.414,0.02831843,0.004104326,0.025243253,0.000447556,0.005869999,0.000174835,0.05014148,0.299980434
2010-13,P26.2010.06.10m,P26,344-B,10,10,0.066795965,0.010802958,0.068537888,0.000207018,0.022707514,8.3521E-05,0.1219776,0.708887547,0.425,0.028373195,0.004588816,0.029113119,8.79359E-05,0.009645563,3.54776E-05,0.051812923,0.301117058
2010-13,P26.2010.06.25m,P26,341-A,25,25,0.061393719,0.012187199,0.079759595,0.001390616,0.035837779,0.000572274,0.119710439,0.689148357,0.455,0.027947325,0.005547793,0.036307742,0.000633029,0.016313885,0.000260508,0.054493955,0.313710479
2010-13,P26.2010.06.25m,P26,341-B,25,25,0.063207183,0.011027431,0.063650649,0.000631599,0.039996695,0.000269954,0.1107219,0.710494608,0.439,0.02775389,0.004842078,0.027948613,0.000277331,0.017562306,0.000118535,0.048617313,0.311973863
2010-14,P26.2010.08.10m,P26,443-A,5,10,0,0.198506067,0.025074559,0,0.01066901,0.112457613,0.092401077,0.560891663,0.364,0,0.072209303,0.009121215,0,0.003880998,0.040907998,0.033612159,0.204032031
2010-14,P26.2010.08.10m,P26,443-B,5,10,0,0.222384581,0.02004673,0,0.006766571,0.142099056,0.082704701,0.525998359,0.400,0,0.088996792,0.008022564,0,0.002707936,0.056867073,0.033097857,0.210500954
2010-14,P26.2010.08.25m,P26,442-A,20,25,0,0.244048749,0.026204792,0,0.000309966,0.12005592,0.073003403,0.536377182,0.390,0,0.09521456,0.010223686,0,0.000120932,0.046839296,0.028481961,0.209265229
2010-14,P26.2010.08.25m,P26,442-B,20,25,0,0.272571685,0.030856279,0,0,0.129293325,0.069678768,0.497599935,0.422,0,0.115022196,0.013021004,0,0,0.054560334,0.029403659,0.209981596
2010-14,P26.2010.08.25m,P26,435-A,30,25,0,0,0.137979851,0,0.000377504,0.159930433,0.061578512,0.640133729,0.423,0,0,0.058391222,0,0.000159755,0.067680414,0.0260592,0.270896008
2010-14,P26.2010.08.25m,P26,435-B,30,25,0,0,0.123460321,0,0,0.162229737,0.07109031,0.64321962,0.400,0,0,0.049422116,0,0,0.06494181,0.028457997,0.257485758
2011-26,P26.2011.06.10m,P26,670-A,5,10,0.275609386,0.027846575,0.140213295,0.014238457,0.016185284,0.006218809,0.075495046,0.444193179,0.198,0.054682955,0.005524968,0.027819362,0.002825016,0.003211281,0.001233858,0.01497878,0.088131236
2011-26,P26.2011.06.10m,P26,670-B,5,10,0.342261431,0.020376781,0.12183831,0.012065133,0.031615266,0.005303304,0.073455328,0.393084427,0.217,0.07420873,0.00441807,0.026416842,0.002615948,0.006854786,0.001149856,0.0159265,0.085228114
2011-26,P26.2011.06.50m,P26,669-A,35,50,0.081331794,0,0.110690152,0.000996908,0.062081394,0.000470404,0.14505287,0.59937647,0.523,0.042569649,0,0.057936026,0.000521789,0.03249385,0.000246213,0.075921721,0.313717977
2011-26,P26.2011.06.50m,P26,669-B,35,50,0.079327775,0,0.100328942,0.000637386,0.072599623,0.000335843,0.150430577,0.596339852,0.384,0.030456041,0,0.038518947,0.00024471,0.027872925,0.000128939,0.057754296,0.228950716
2011-26,P26.2011.06.50m,P26,668-A,45,50,0.040547678,0,0.160373139,0.001057945,0.043989072,0.000458025,0.162843781,0.590730359,0.389,0.015784653,0,0.062431057,0.000411843,0.017124341,0.000178303,0.063392844,0.229963204
2011-26,P26.2011.06.50m,P26,668-B,45,50,0.066590793,5.35903E-05,0.129920771,0.000899061,0.051568727,0.00037064,0.152403605,0.598192811,0.331,0.022069077,1.77605E-05,0.043057476,0.000297961,0.017090564,0.000122835,0.050508588,0.198249077
2011-27,P26.2011.08.10m,P26,534-A,5,10,0,0.345139593,0.024788836,0,0,0,0.090364954,0.539706593,0.516,0,0.17809203,0.01279104,0,0,0,0.046628316,0.278488602
2011-27,P26.2011.08.10m,P26,534-B,5,10,0,0.331735079,0.024768943,0,0.000127472,0,0.082717416,0.560651104,0.546,0,0.181127353,0.013523843,0,6.95997E-05,0,0.045163709,0.306115503
2011-27,P26.2011.08.50m,P26,532-A,38,50,0,0.129404766,0.063784269,0.000814164,0.060613542,0.0004999,0.132767682,0.612115671,0.515,0,0.066643454,0.032848899,0.000419294,0.031215974,0.000257449,0.068375356,0.315239571
2011-27,P26.2011.08.50m,P26,532-B,38,50,0,0.10633313,0.047143875,1.43347E-05,0.047080814,0.076101818,0.116436822,0.606889198,0.484,0,0.051465235,0.022817636,6.93798E-06,0.022787114,0.03683328,0.056355422,0.293734372
2011-27,P26.2011.08.50m,P26,533-A,48,50,0,0.047569928,0.120947643,0.000154518,0.075016294,9.88334E-05,0.143538995,0.612673779,0.421,0,0.020026939,0.050918958,6.50519E-05,0.03158186,4.16089E-05,0.060429917,0.257935661
2011-27,P26.2011.08.50m,P26,533-B,48,50,0,0.010910667,0.102433713,0.000935626,0.072327832,0.000603344,0.150590306,0.662198514,0.419,0,0.00457157,0.042919726,0.000392027,0.030305362,0.000252801,0.063097338,0.277461177
2012-01,P26.2012.02.10m,P26,434-A,5,10,0,0,0.081103152,0.000391182,0.098077253,0.120965385,0.151985647,0.547477404,0.355,0,0,0.028781496,0.000138821,0.034805182,0.042927613,0.053935933,0.194286141
2012-01,P26.2012.02.10m,P26,434-B,5,10,0,0,0.075829444,7.98017E-05,0.12260207,0.123254521,0.154726978,0.523507183,0.317,0,0,0.0240586,2.53189E-05,0.03889827,0.039105275,0.049090621,0.166094454
2012-01,P26.2012.02.25m,P26,433-A,20,25,0,0,0.08856035,0,0.0740468,0.136960778,0.173492029,0.526940023,0.315,0,0,0.027880047,0,0.023310977,0.043117185,0.054617738,0.165888152
2012-01,P26.2012.02.25m,P26,433-B,20,25,0,0.000261506,0.094741392,0.003016233,0.121019546,0.001132312,0.158508524,0.621320496,0.343,0,8.96269E-05,0.032471102,0.001033766,0.041477521,0.000388082,0.054326271,0.2129477
2012-01,P26.2012.02.50m,P26,432-A,50,50,0,0,0.078181564,0,0.092045516,0.141412936,0.153824615,0.534535358,0.353,0,0,0.027632268,0,0.032532304,0.049980584,0.054367332,0.188924649
2012-01,P26.2012.02.50m,P26,432-B,50,50,0,0,0.07504986,0,0.101180937,0.127645622,0.16315722,0.532966375,0.352,0,0,0.026412542,0,0.035608938,0.044922741,0.057420453,0.187568597
2012-12,P26.2012.06.10m,P26,696-A,5,10,0.052975136,0.648868789,0.022941696,0.000222117,0.107903297,5.52484E-05,0.139373192,0.027660532,0.371,0.019633746,0.240484992,0.008502695,8.23216E-05,0.039991327,2.04763E-05,0.051654759,0.010251599
2012-12,P26.2012.06.10m,P26,696-B,5,10,0.116430086,0.093382902,0.054636535,0.003776269,0.067142175,0.002023199,0.151612788,0.510996064,0.349,0.04061704,0.032576949,0.019060145,0.001317365,0.023422781,0.0007058,0.052890648,0.178262751
2012-12,P26.2012.06.50m,P26,695-A,40,50,0.059759414,0.039927036,0.034953714,0.001412461,0.153947619,0.000898502,0.172894701,0.536206548,0.571,0.034101409,0.022784162,0.019946161,0.000806014,0.087849434,0.000512726,0.098661492,0.30598357
2012-12,P26.2012.06.50m,P26,695-B,40,50,0.045595202,0.046381987,0.040313323,0.001853311,0.144982368,0.001157973,0.167506476,0.552209362,0.566,0.025787009,0.026231986,0.022799768,0.001048166,0.08199682,0.000654908,0.094735647,0.312309783
2012-12,P26.2012.06.50m,P26,694-A,50,50,0.052534463,0.055590101,0.04943508,5.515E-05,0.152200665,8.40654E-05,0.151648931,0.538451547,0.474,0.024922602,0.026372211,0.02345224,2.61634E-05,0.072204728,3.9881E-05,0.071942982,0.255444004
2012-12,P26.2012.06.50m,P26,694-B,50,50,0.041798351,0.041989304,0.044703771,0,0.131005198,2.02025E-06,0.166767838,0.573733504,0.441,0.018427188,0.018511371,0.019708069,0,0.057754846,8.90647E-07,0.073521135,0.25293569
2012-13,P26.2012.08.10m,P26,572-A,5,10,0,0,0.116660366,0,0.08635744,0.165143753,0.107463311,0.524375131,0.529,0,0,0.061733176,0,0.045697774,0.087389134,0.05686637,0.277483634
2012-13,P26.2012.08.10m,P26,572-B,5,10,0,0,0.119049439,0,0.058427633,0.202086846,0.108857931,0.511578153,0.450,0,0,0.05351382,0,0.02626376,0.090839901,0.048932644,0.229959096
2012-13,P26.2012.08.25m,P26,571-A,25,25,0,0,0.128497413,2.83192E-06,0.09303066,0.18206321,0.108919192,0.4874867,0.553,0,0,0.071040566,1.56564E-06,0.051432559,0.100654738,0.060216629,0.269509948
2012-13,P26.2012.08.25m,P26,571-B,25,25,0,0,0.117172954,0,0.078343342,0.182675193,0.110763406,0.511045108,0.543,0,0,0.063570895,0,0.042504317,0.099108412,0.060093465,0.27726189
2012-13,P26.2012.08.50m,P26,570-A,40,50,0,0.034990676,0.095417625,0.000292151,0.088070812,0.000100606,0.087437959,0.693690161,0.316,0,0.01104835,0.030128235,9.22471E-05,0.02780847,3.17666E-05,0.027608646,0.219033543
2012-13,P26.2012.08.50m,P26,570-B,40,50,0,0.033594809,0.091313887,0,0.016058825,0.123973093,0.088298626,0.646760742,0.314,0,0.010540271,0.028649458,0,0.005038408,0.038896185,0.027703429,0.202919239
2013-01,P26.2013.02.10m,P26,284-A,5,10,0,0,0.140456011,0.00056999,0.019651932,0.090262711,0.157678564,0.591380795,0.405,0,0,0.056835942,0.000230648,0.007952212,0.036525074,0.0638051,0.239303996
2013-01,P26.2013.02.10m,P26,284-B,5,10,0,0,0.134939332,0.002706729,0.065368648,0.001088046,0.166606963,0.629290283,0.378,0,0,0.051043316,0.001023871,0.024726909,0.000411574,0.063022187,0.238040771
2013-01,P26.2013.02.25m,P26,283-A,20,25,0,0.001215225,0.139624079,0.000543219,0.030239021,0.000212899,0.158611863,0.669553697,0.364,0,0.00044285,0.050881602,0.000197959,0.01101966,7.75844E-05,0.057801102,0.243997776
2013-01,P26.2013.02.25m,P26,283-B,20,25,0,0.021140693,0.077209619,0.001662826,0.048514405,0.000661623,0.160539834,0.69027102,0.321,0,0.006785856,0.024783167,0.000533743,0.01557242,0.000212371,0.051530957,0.221566979
2013-01,P26.2013.02.50m,P26,282-A,50,50,0,0.02840854,0.085239666,0.003241078,0.075060055,0.001301448,0.150717487,0.656031708,0.329,0,0.009353296,0.028064513,0.0010671,0.024712953,0.000428492,0.049622589,0.215993462
2013-01,P26.2013.02.50m,P26,282-B,50,50,0,0.027921138,0.086965817,0.001532531,0.065452032,0.000571664,0.1591264,0.658430427,0.378,0,0.010540431,0.032830225,0.000578542,0.024708615,0.000215807,0.060071367,0.248562248
2013-17,P26.2013.06.10m,P26,673-A,5,10,0.087710657,0.034835514,0.050763777,0.001113115,0.2025909,0.000497106,0.058640989,0.563847949,0.415,0.036358263,0.014440192,0.021042856,0.000461414,0.083978999,0.000206063,0.024308158,0.233729089
2013-17,P26.2013.06.10m,P26,673-B,5,10,0.056174392,0.040181925,0.06356555,0.001370921,0.181373698,0.000624019,0.080306155,0.57640336,0.425,0.023856005,0.017064363,0.026994864,0.000582199,0.077025344,0.000265007,0.034104224,0.244785587
2013-17,P26.2013.06.10m,P26,672-A,15,10,0.070859271,0.045199238,0.071509047,0.000586932,0.191855326,0.000304525,0.069133366,0.550552309,0.473,0.033509066,0.021374539,0.033816342,0.000277558,0.090727616,0.000144009,0.032692892,0.260353984
2013-17,P26.2013.06.10m,P26,672-B,15,10,0.057143277,0.036014291,0.057577947,0.000376665,0.195677444,0.000204534,0.084500484,0.568505337,0.448,0.025574661,0.016118314,0.025769199,0.000168578,0.087576083,9.154E-05,0.037818469,0.254436431
2013-17,P26.2013.06.25m,P26,671-A,20,25,0.053738773,0.105479807,0.032521154,0.000182623,0.207695986,0.000114184,0.077512675,0.522754788,0.515,0.0276694,0.05431019,0.016744722,9.40301E-05,0.10693998,5.87919E-05,0.039910275,0.269159688
2013-17,P26.2013.06.25m,P26,671-B,20,25,0.043081696,0.010453506,0.103939821,0.000576684,0.21545321,0.0002937,0.076183139,0.550018271,0.489,0.021068003,0.00511202,0.050829115,0.000282013,0.10536189,0.000143627,0.037255419,0.268972389
2013-17,P26.2013.06.25m,P26,670-A,25,25,0.050959343,0.035439697,0.057013705,0.000186532,0.232151203,0.000114883,0.060136984,0.563997656,0.530,0.027009321,0.018783644,0.030218237,9.8865E-05,0.123044098,6.08901E-05,0.031873627,0.29892838
2013-17,P26.2013.06.25m,P26,670-B,25,25,0.04999669,0.003773335,0.100460955,0,0.226817851,0,0.061212889,0.557738254,0.504,0.025212232,0.00190281,0.050660252,0,0.114379258,0,0.030868315,0.281255144
2013-17,P26.2013.06.25m,P26,669-A,30,25,0.045259768,0.00128929,0.115639757,0,0.258548424,0,0.074855605,0.504407172,0.483,0.021851505,0.000622472,0.055831102,0,0.124827687,0,0.036140433,0.243528774
2013-17,P26.2013.06.25m,P26,669-B,30,25,0.045425486,0.007455635,0.112674195,0.000996562,0.248511324,0.00047548,0.078425912,0.506035407,0.505,0.022961311,0.003768615,0.056953649,0.000503734,0.125615513,0.000240342,0.039642101,0.255786723
2013-17,P26.2013.06.50m,P26,668-A,35,50,0.037553545,0.000711971,0.119155258,0,0.310505368,0,0.071451485,0.46062237,0.484,0.018193592,0.000344929,0.05772723,0,0.15043075,0,0.03461615,0.223158039
2013-17,P26.2013.06.50m,P26,668-B,35,50,0.04160938,0.003663875,0.09284813,5.14912E-05,0.295208392,2.67447E-05,0.072569265,0.494022722,0.526,0.021888251,0.001927349,0.048841948,2.70865E-05,0.155291797,1.40688E-05,0.038174428,0.259876339
2013-17,P26.2013.06.50m,P26,667-A,40,50,0.080790455,7.04076E-05,0.074659644,3.97285E-05,0.446036597,9.33793E-06,0.058181836,0.340211987,0.490,0.03961764,3.45261E-05,0.036611242,1.94819E-05,0.218725311,4.57909E-06,0.028530933,0.166831541
2013-17,P26.2013.06.50m,P26,667-B,40,50,0.078340994,0.012058218,0.027705009,0,0.444478755,0,0.066115302,0.37130174,0.444,0.034778232,0.005353053,0.012299196,0,0.197319237,0,0.029350831,0.164833472
2013-17,P26.2013.06.50m,P26,666-A,45,50,0.158888929,0.0046174,0.07936046,0,0.454905793,0,0.067707021,0.234520406,0.258,0.041068733,0.00119348,0.020512653,0,0.117581537,0,0.017500537,0.060617539
2013-17,P26.2013.06.50m,P26,666-B,45,50,0.13390435,0.003201517,0.060329634,0,0.453853125,0,0.079452228,0.269259162,0.304,0.040769845,0.000974766,0.018368558,0,0.13818462,0,0.024190813,0.081981313
2013-17,P26.2013.06.50m,P26,665-A,50,50,0.112777044,0.008127407,0.101972504,0.000264555,0.396446407,0.000175884,0.088902734,0.291333502,0.225,0.025348007,0.001826733,0.022919556,5.9462E-05,0.089106134,3.95321E-05,0.019981967,0.065480735
2013-17,P26.2013.06.50m,P26,665-B,50,50,0.151648745,0.012472923,0.10259863,0.003202851,0.443657041,0.001602276,0.106952533,0.177864996,0.214,0.032383758,0.002663524,0.021909375,0.000683951,0.094740528,0.000342157,0.022839127,0.037982094
2013-17,P26.2013.06.50m,P26,664-A,60,50,0,0.012798713,0.136047202,0.000335076,0.347030506,0.000137737,0.139599837,0.36405094,0.179,0,0.002296995,0.024416494,6.01363E-05,0.062281826,2.47198E-05,0.025054088,0.065336496
2013-17,P26.2013.06.50m,P26,664-B,60,50,0,0.01642261,0.104474541,0.001403134,0.359718218,0.000586852,0.155752035,0.361642599,0.192,0,0.003146686,0.02001805,0.00026885,0.068924516,0.000112445,0.029843175,0.06929324
2013-18,P26.2013.08.10m,P26,531-A,5,10,0,0.382849187,0.074117939,0.000838356,0.048419336,0.000851091,0.064027212,0.428896889,0.142,0,0.054287252,0.010509776,0.000118877,0.006865765,0.000120683,0.009078931,0.060816725
2013-18,P26.2013.08.10m,P26,531-B,5,10,0.070700396,0.324687928,0.0457357,0.00113032,0.026794673,0.000995456,0.05461111,0.475344415,0.174,0.012278052,0.056386322,0.007942605,0.000196295,0.004653247,0.000172874,0.009483936,0.0825498
2013-18,P26.2013.08.25m,P26,530-A,20,25,0,0.301183268,0.057091303,0.003625849,0.07376413,0.003559034,0.046526375,0.51424999,0.193,0,0.058276736,0.011046745,0.000701575,0.014272814,0.000688647,0.00900251,0.099503572
2013-18,P26.2013.08.25m,P26,530-B,20,25,0,0.293189193,0.038832406,0,0.007328357,0,0.104532237,0.556117798,0.194,0,0.056943129,0.00754202,0,0.001423312,0,0.020302224,0.108009054
2013-18,P26.2013.08.50m,P26,529-A,50,50,0,0.124054571,0.07953888,0,0.021991846,0,0.107315579,0.667099118,0.273,0,0.033924186,0.021750845,0,0.00601393,0,0.029346711,0.182426125
2013-18,P26.2013.08.50m,P26,529-B,50,50,0,0.124447928,0.094990945,0,0.03890015,0,0.125941892,0.61571908,0.281,0,0.035010904,0.026723779,0,0.010943769,0,0.035431201,0.173220093
2014-01,P26.2014.02.10m,P26,534-A,5,10,0.064044538,0,0.112854669,0.000803593,0.008833759,0.000474778,0.172670938,0.640317728,0.247,0.015824221,0,0.027884302,0.000198553,0.002182659,0.000117309,0.042663796,0.15821067
2014-01,P26.2014.02.10m,P26,534-B,5,10,0.080516068,2.26848E-05,0.12670157,0.000476126,0.011326441,0.000194022,0.169005635,0.611757457,0.249,0.02004027,5.6462E-06,0.031535739,0.000118507,0.002819126,4.82916E-05,0.042065127,0.152265071
2014-01,P26.2014.02.25m,P26,533-A,20,25,0.06864662,0.000458294,0.121288947,0.002680875,0.011212397,0.001043461,0.189318423,0.605350981,0.232,0.015924091,0.000106311,0.028135635,0.000621888,0.002600962,0.000242054,0.043916567,0.140424456
2014-01,P26.2014.02.25m,P26,533-B,20,25,0.073466181,0,0.120209621,0.000701775,0.006792927,0.00061051,0.174024691,0.624194294,0.239,0.017572942,0,0.028753865,0.000167863,0.001624853,0.000146033,0.041626306,0.149305841
2014-01,P26.2014.02.50m,P26,532-A,50,50,0.057766388,0,0.106237409,0.001585565,0.010718346,0.000761577,0.179322367,0.643608352,0.246,0.014187606,0,0.026092241,0.00038942,0.00263246,0.000187046,0.044042137,0.158072234
2014-01,P26.2014.02.50m,P26,532-B,50,50,0.090161358,0.000166945,0.115433869,0.001640415,0,0.000694905,0.166015039,0.625887463,0.251,0.022660455,4.19587E-05,0.029012252,0.000412289,0,0.000174652,0.04172493,0.157305692
2014-18,P26.2014.06.10m,P26,646-A,5,10,0.345563998,0.199291783,0.115208066,0.002487215,0,0.001322546,0.04810679,0.288019605,0.209,0.072232843,0.041657731,0.024081809,0.0005199,0,0.00027645,0.010055707,0.060204405
2014-18,P26.2014.06.10m,P26,646-B,5,10,0.268366754,0.067298827,0.183597123,0.009699654,0.082535391,0.004175736,0.044653575,0.339672953,0.225,0.060412379,0.015149724,0.04132978,0.002183501,0.018579646,0.000940005,0.010052023,0.076464208
2014-18,P26.2014.06.50m,P26,645-A,40,50,0.0885063,0,0.148525116,4.06867E-05,0,0,0.095547717,0.667380164,0.230,0.020314075,0,0.034089667,9.33846E-06,0,0,0.021930229,0.153177915
2014-18,P26.2014.06.50m,P26,645-B,40,50,0.084087592,0,0.146544331,0.000345849,0.001099295,0.000114474,0.085752598,0.682055881,0.240,0.020165644,0,0.035143839,8.29406E-05,0.00026363,2.74529E-05,0.020564941,0.163568676
2014-18,P26.2014.06.50m,P26,644-A,50,50,0.062634353,0,0.19893301,0,0,0,0.090992084,0.647440553,0.240,0.015009909,0,0.047672982,0,0,0,0.021805652,0.155154853
2014-18,P26.2014.06.50m,P26,644-B,50,50,0.067504633,0,0.204150918,0,0,0,0.08391724,0.64442722,0.215,0.014546639,0,0.04399268,0,0,0,0.018083408,0.138868248
2014-19,P26.2014.08.10m,P26,632-A,5,10,0,0.103902915,0.070257002,0,0.065754869,0.080096535,0.074130055,0.605858619,0.592,0,0.061510526,0.041592145,0,0.038926882,0.047417149,0.043884992,0.358668302
2014-19,P26.2014.08.10m,P26,632-B,5,10,0,0.118559772,0.076516893,0,0.06642343,0.102728051,0.06640618,0.5693657,0.578,0,0.068527548,0.044226764,0,0.038392743,0.059376814,0.038382772,0.329093375
2014-19,P26.2014.08.25m,P26,631-A,20,25,0,0.093929671,0.073652742,0,0.054262652,0.076094607,0.073750289,0.628310025,0.579,0,0.05438528,0.042644938,0,0.031418076,0.044058777,0.042701417,0.363791504
2014-19,P26.2014.08.25m,P26,631-B,20,25,0,0.104808694,0.071399974,0,0.039670601,0.08524866,0.074679867,0.624192198,0.576,0,0.060369808,0.041126385,0,0.022850266,0.049103228,0.043015603,0.359534706
2014-19,P26.2014.08.50m,P26,630-A,50,50,0,0,0.13993601,5.15497E-05,0.00010996,5.17431E-05,0.078917481,0.780933241,0.294,0,0,0.041141187,1.51556E-05,3.23284E-05,1.52125E-05,0.023201739,0.229594373
2014-19,P26.2014.08.50m,P26,630-B,50,50,0,0,0.126830426,7.89832E-05,0,5.45914E-05,0.070592228,0.802443763,0.298,0,0,0.037795467,2.3537E-05,0,1.62682E-05,0.021036484,0.239128241
2014-19,P26.2014.08.10m,P26-2,747-A,5,10,0.011068454,0.088618666,0.07331242,0,0.02583794,0.053542656,0.082090645,0.665529221,0.621,0.00687351,0.055032192,0.045527013,0,0.016045361,0.033249989,0.05097829,0.413293646
2014-19,P26.2014.08.10m,P26-2,747-B,5,10,0.011530708,0.108893819,0.059679006,0,0.020281991,0,0.076218859,0.723395616,0.558,0.006434135,0.060762751,0.033300885,0,0.011317351,0,0.042530123,0.403654754
2014-19,P26.2014.08.25m,P26-2,746-A,20,25,0.012324371,0.071549755,0.073388455,0,0.017820594,0.061789478,0.073117848,0.690009485,0.579,0.007135811,0.041427308,0.042491916,0,0.010318124,0.035776108,0.042335234,0.399515492
2014-19,P26.2014.08.25m,P26-2,746-B,20,25,0.009900171,0.089549853,0.075979802,0,0.043144281,0,0.07216712,0.709258795,0.616,0.006098506,0.05516271,0.046803558,0,0.026576877,0,0.044454946,0.436903418
2014-19,P26.2014.08.50m,P26-2,745-A,45,50,0,0,0.15235132,0,0.000257964,2.87101E-06,0.077954581,0.76943325,0.361,0,0,0.054998826,0,9.31249E-05,1.03643E-06,0.028141604,0.277765403
2014-19,P26.2014.08.50m,P26-2,745-B,45,50,0,0,0.141436766,0,0.005892137,1.22378E-05,0.072964877,0.779693961,0.325,0,0,0.045966949,0,0.001914945,3.97729E-06,0.023713585,0.253400537
2015-01,P26.2015.02.10m,P26,766-A,5,10,0,0.020397467,0.082884431,0.000212663,0.118489351,0.000221469,0.122345534,0.655449073,0.436,0,0.008887368,0.036113526,9.26595E-05,0.051626924,9.64962E-05,0.053307099,0.285585321
2015-01,P26.2015.02.10m,P26,766-B,5,10,0.024303811,0.024411574,0.094738505,0.000569334,0.088265938,0.000461591,0.11927839,0.647970885,0.406,0.009875525,0.009919313,0.038495709,0.000231341,0.035865669,0.000187561,0.048467159,0.263294197
2015-01,P26.2015.02.25m,P26,763-A,20,25,0,0.019055973,0.075932559,0,0.138282652,0.090885381,0.118585208,0.557258214,0.451,0,0.008589406,0.034226307,0,0.06233037,0.040966233,0.053451823,0.251181982
2015-01,P26.2015.02.25m,P26,763-B,20,25,0,0.022791305,0.081451977,0.000536622,0.129447279,0.000332285,0.123154075,0.642286465,0.468,0,0.010661183,0.038101128,0.000251018,0.060552088,0.000155434,0.057608291,0.300444993
2015-01,P26.2015.02.50m,P26,759-A,50,50,0,0.012759681,0.062365291,0,0.152118055,0.106195383,0.124813179,0.541748409,0.475,0,0.006062142,0.029629838,0,0.072271502,0.050453576,0.059298917,0.257385433
2015-01,P26.2015.02.50m,P26,759-B,50,50,0,0.019298894,0.080622839,0.000154496,0.153688841,0.000134134,0.120982363,0.625118464,0.479,0,0.009237977,0.03859247,7.39539E-05,0.073567639,6.4207E-05,0.057911731,0.299231157
2015-09,P26.2015.06.10m,P26,559-A,4.746,10,0.060069924,0.637582153,0.002406086,0,0,0,0.029053376,0.27088845,0.585,0.035133333,0.372905186,0.001407257,0,0,0,0.016992563,0.158435595
2015-09,P26.2015.06.10m,P26,559-B,4.746,10,0.062596808,0.672315995,0.001074346,0,0,0,0.023557815,0.240455024,0.533,0.033340429,0.358090198,0.00057222,0,0,0,0.012547408,0.128071603
2015-09,P26.2015.06.25m,P26,558-A,30,25,0.001225954,0.816880008,0.00430734,0,0,0,0.042850473,0.134736242,0.616,0.000755577,0.503457702,0.00265469,0,0,0,0.02640951,0.083040347
2015-09,P26.2015.06.25m,P26,558-B,30,25,0.001738391,0.80834343,0.001335321,0,0,0,0.047670605,0.140912248,0.673,0.001170561,0.544305054,0.00089915,0,0,0,0.032099415,0.094884484
2015-09,P26.2015.06.50m,P26,557-A,40,50,0,0.985019296,0.001755557,0,0,0,0.013225136,0,0.559,0,0.550838621,0.000981735,0,0,0,0.007395708,0
2015-09,P26.2015.06.50m,P26,557-B,40,50,0,0.713519007,0.004469551,0,0,0,0.045355143,0.236656296,0.576,0,0.411028221,0.00257472,0,0,0,0.026127186,0.136327716
2015-10,P26.2015.08.10m,P26,892-A,5,10,0,0.004340083,0.055250493,0,0.084061784,0.12025629,0.104609332,0.631482025,0.347,0,0.001505989,0.019171675,0,0.029169064,0.041728396,0.036298972,0.219121447
2015-10,P26.2015.08.10m,P26,892-B,5,10,0,0.003218062,0.069655671,0,0.16194998,0,0.122967433,0.642208844,0.383,0,0.001234015,0.026710534,0,0.0621022,0,0.047153746,0.246264817
2015-10,P26.2015.08.50m,P26,882-A,40,50,0,0,0.051451539,0,0.186669869,0.182818567,0.04786058,0.53119944,0.566,0,0,0.029121219,0,0.105653868,0.103474058,0.027088761,0.300655248
2015-10,P26.2015.08.50m,P26,882-B,40,50,0,0,0.052580511,0,0.188334716,0.183655625,0.049325344,0.526103809,0.588,0,0,0.030916993,0,0.110739569,0.107988294,0.029002976,0.309345565
2015-10,P26.2015.08.50m,P26,881-A,50,50,0.031302428,5.78983E-06,0.0566108,3.66066E-06,0.173714353,0,0.057068863,0.681294113,0.480,0.015032942,2.78056E-06,0.027187249,1.75803E-06,0.083426049,0,0.027407233,0.327190441
2015-10,P26.2015.08.50m,P26,881-B,50,50,0.040145419,8.53159E-05,0.052235472,4.26841E-06,0.204809309,0,0.064134831,0.638585369,0.350,0.014065877,2.98924E-05,0.018301906,1.49554E-06,0.071759681,0,0.022471122,0.223743162
2016-01,P26.2016.02.10m,P26,570-A,5,10,0,0,0.043071328,6.07399E-05,0.070900055,0.089946639,0.170990696,0.625030547,0.498,0,0,0.021438433,3.02328E-05,0.035289974,0.044770269,0.085109344,0.311104297
2016-01,P26.2016.02.10m,P26,570-B,5,10,0,0,0.062896597,3.74908E-05,0.070517276,0.058910174,0.159651026,0.647987445,0.545,0,0,0.034270627,2.04277E-05,0.038422925,0.032098534,0.086989456,0.353070548
2016-01,P26.2016.02.25m,P26,567-A,20,25,0,0.006005389,0.075537582,0.003929466,0.117014512,0.118585092,0.157898135,0.52102985,0.539,0,0.00323771,0.04072489,0.00211851,0.06308652,0.063933274,0.085128278,0.280904988
2016-01,P26.2016.02.25m,P26,567-B,20,25,0,0.002476659,0.066487099,0.004190965,0.122985979,0.098985247,0.16206342,0.542810629,0.499,0,0.001235485,0.033167174,0.002090668,0.061351713,0.049378918,0.080845545,0.270781778
2016-01,P26.2016.02.50m,P26,561-A,50,50,0,0,0.070450064,0.000495668,0.086562684,0.000186442,0.150388521,0.691916615,0.466,0,0,0.032812056,0.000230857,0.040316495,8.68353E-05,0.070043324,0.322259564
2016-01,P26.2016.02.50m,P26,561-B,50,50,0,0,0.059585151,0,0.036011436,0.096777029,0.164162288,0.643464079,0.525,0,0,0.031293396,0,0.018912768,0.050826118,0.086216035,0.337939502